cid,tid,rate,cnotice,remark,quizmethod
984,923,5,我記得是只有一個上臺報告+期末一張A4心得，老師人超好，上課也很鼓勵同學發言，上課的內容都很有趣!,這門課滿像演講，不用考試，老師常常跟我們分享他去阿拉伯工作的見聞，偶爾也會邀請一些在國外工作的人分享他們的趣事,只有上臺報告+期末A4心得而已
762,944,5,期中期末背多分，且分數很甜，出席會依簽到表為準，老師很可愛！,,期中期末都是申論題，老師會在考試前一兩堂課透露題目！沒有報告。
966,505,5,沒有期中期末考,,看影片討論、上臺報告
975,871,5,沒有考試，期中期末各收一次課堂心得報告，外加課外讀物，每節課會點名，但是座位上有人就好。,,會邀請導演來分享，基本上作業有交出席狀況不差一定有80，但是心得千萬不要複製貼上，老師真的會抓。
1031,953,5,忘了分數怎麼算,,考前畫重點都考重點的openbook申論題
1007,697,4,出席都用簽到的，作業分數佔比較重，但是作業很簡單上網查一查就可以查到答案，作業內容越多分，分數越高,,考試會提前給題目都是申論題。作業則是跟他上課有關的題目，上網都查得到
563,580,5,開書考 要做簡單報告 輕鬆,,開書考 簡單報告
13,388,4,不定期點名，通常考前兩週會點名。,,考試幾乎都從講義內容出，有讀都會過
628,641,4,期中上機考 期末小組報告 助教人很好,,期中上機考(完成線上測驗就有50分) 期末小組報告 助教人很好
707,347,3,,,
1766,762,5,上課風氣自由 鼓勵討論 分數會給很高,,考試少 期中考跟期末報告而已
420,511,5,平時40%,,會有小作業跟簡報，基本上不會太難
996,455,5,期中末各30%，作業出席20%,不難，可以不去上課，最後一節繳交作業兼點名即可。,作業為每週找一篇與毒化物有關新聞，每週繳交即可。
998,932,5,出席很重  期中期末考的很基本  有在聽  絕對穩穩過,人真的很好,期中還有多選  期末改全單選
1021,944,5,期中期末各占50%，每堂必傳點名單，老師會看出席加扣分，上課會請同學印講義，考前一週很傳題目給同學拍，考試都是申論題寫越多分數越高，認真上課可以學到很多國際的事件。,不用什麼基礎，人來就好，老師人很好，都是第二節上課才傳點名單 ，偶爾會直接點名,考試是申論題，期中３題考６０分鐘，期末５題考９０分鐘，寫越多分數越高
1019,945,5,非常寬鬆,給分都很高,沒什麼作業
981,901,5,聽老師講人生大道理，出席率不用太高沒關係，總共4個作業，用點心寫就有80分左右，老師人其實很好，雖然有點老頑固，就是上課不能吃東西滑手機穿夾腳拖。,就聽老師講一些儒道思想，他也會問同學們哪裡有問題還有感想，所以要認真聽喔,作業就發揮各位一點用心以及假掰的能力就可以hold住了
1015,940,5,期中分組報告,壓力不大，上課蠻輕鬆，老師人很好，可以學到東西，分組組員很重要,期中-地圖分析
1027,320,5,期中期末考,有點類似高中的公民，但是更難更深,沒作業
1009,932,5,期中期末各30%，平時成績40%，上課有聽就會了，考前一堂課會複習，真的很簡單,只要認真聽就會了，考前老師的複習一定要聽，回去看一看就90幾了,考試都選擇，有單選和二選，多選不一定
16,950,5,1.出席發表與討論 40%(幾乎每次都會看電影，會規定哪個年級要寫心得),老師會點人回答看了電影有甚麼啟發?然後延伸到做人處世的道理和自己的生涯應該如何規劃,期中考時只考了5題左右，都是申論題，題目會在考前一到兩個星期先說，讓同學回家自己思索
16,950,5,心得記得交，出席率佔分比率偏高，有期中考和期末報告（小組合作）,上課第一節課看電影，第二節課討論電影心得,三題申論題，考前會提前公佈題目
1031,953,5,期中期末+小考1~2次，還有點名吧,考前畫重點+open book,考試從課本出，沒作業
939,939,5,每堂課都會簽名點名。期中期末考前會有各有一次小考，小考考33題，期中期末的50題考題其中的33題跟前一次小考一模一樣，所以分數很好拿，幾乎背一背就好。,老師都會跟著時事一起講，每次上課內容都很豐富，也很實用，就算是沒有化妝品基礎或是化學底子的人來上課，老師都可以講的很清楚，讓你可以很容易理解我們在上什麼,全部多選題，小考一題3分，共33題，答錯一個全錯。期中期末50題，一題2分，答錯一個全錯
1025,949,5,期中期末考、期末報告、平時作業、點名,老師人很好，也很認真準備PPT上課內容，常會分享生活瑣事，會點名請同學回答問題會加分，到後來他會常點一些比較認識的同學。課程是比較麻煩一點，但可以從老師身上學到東西，每次上課上完都會有同學留下來跟老師聊天。,期中期末都問答題，都考些上課講過的，但憑自己的想法寫也會高分，有2、3次心得作業，一開始會分組，期末要分組拍大概2、3分鐘的影片上台報告。期中前每次點名，第二節去也可補點，接近學期末就幾乎沒再點。
16,950,5,只要交報告跟心得就好 讚,老師人很好！，還可以補點名 早到點名再加分,有看影片心得都很簡單
989,927,5,上課抄筆記寫學習單,老師的板書很漂亮，PPT內容也很豐富，老師會講很多關於逢甲的八卦，如果對生物很有興趣的人一定要修，老師說他每次都會很用心的準備上課內容，是個很認真的老師，胖胖的很可愛,作業就是寫學習單
488,92,4,期中期末考、作業,老式上課很無聊，幾乎沒人在聽，台下睡一遍，可是作業有教，考試前讀一下，基本上會過。點名幾乎隨機抽點，很少點全班。,考題是上課的講義會放在ilearn，他會講要她考的題型，選擇大概5題，幾乎都是問答，PPT內容超多根本背不完，突然會有上課作業大概兩次，下課前要教，他會給你範本可以模仿那個寫，其中一次是書信的格式
966,505,4,沒有考試,"基本上組員很重要，以上作業都是分組進行，一組約會有25~30人，""自行分組""，所以不用太擔心，但你分到很雷的你就自求多福啦∼，上課不能穿拖鞋不能吃喝，基本上是可以爽過的課，會點名是寫簽到單",沒有考試
1039,912,4,期中考30% 期末考 40% 平時表現 30%,上課內容頗多元，有看韓國連續劇、電影，聽韓國流行歌，介紹韓國體育飲食政治等等，但是有時候都聽老師在說話有點無聊。，老師剛開學會說上課規矩，但其實上課不太管，傳簽到單，但有時候點名認一下人,期中考期末考都只有1題，自由發揮很簡單，限500字
1021,944,4,每堂課都點名，出席率佔分數蠻多，其餘則是看期中考與期末考成績！（老師於考前會公布考試題目讓同學回去準備）題目皆是申論題,不難，有上課 考前有準備，都可以很容易通過,考試皆為申論題
957,525,4,平時(口頭報告、出席、書面)30%,上課幾乎老師都很認真在講解中國文物的東西，書、畫、紙鎮，有很多奇怪的東西，老師也會帶自己的收藏讓大家欣賞，上課可以睡覺玩手機，不要吵到別人就好，老師看中出席，最好每堂課都到,考前會給一份講義，考題從講義上面出，寫越多越多分
960,302,4,加分的點很奇妙 不加小數點 一次作業,上課很無聊 認真聽學到蠻多 考試都考筆記啊,考8，10個技巧
1008,936,4,上課抄筆記，分數輕鬆拿,基本上絕對輕鬆拿高分過,考試帶自己手寫的筆記，從上課內容出題，一部分填空，一部分簡答
1000,934,4,上課蠻多加分機會的,手機不要拿起來滑就好,考前會勾題目給你回家看
1012,937,4,出席每次必簽到佔很重有時會抽點回答問題,上課就是講醫學相關的知識 然後會穿插老師出去國外旅遊的照片和小故事,期中報告很簡單寫為什麼想選這門課
955,905,3,上課舉手回答會加分,基本上想認真聽課有點難（聽不懂他在說什麼 講話不太清楚）沒關係多半時間放影片,考試都是手寫（一定考課堂看的影片簡介和心得）、作業也是影片簡介心得、1500字遺書
1019,945,3,老師上課講自己的人生史，考試按照老師所講的寫認同老師的看法分數會高,不能吃早餐，要買書,申論題，有二個報告
911,911,3,沒有考試，期中和期末都是交報告，內容是回答老師出的問題，答案從老師給的PPT找，這很重要，他不要自己回答的，一定要照他的PPT寫。還要記得排版。整學期只點4次名，期中前兩次，期中後2次，會算入平常成績。應該算好過，但成績不甜。,老師的規矩就是上課不要聊天，抓到會扣分。,作業是申論，總共出10題
488,918,3,期中考差可以補考，期中考前會給考題和答案，期末考自傳，考試可以直接抄，有一篇閱讀心得，一定要交，每堂必點。,會印很多講義，可是不太需要，老師上課常說自己的事，考試的東西記得抄，考試要到，很好過。,期中考公文，會提前給答案，期末考自傳，網路上找的到內容，作業是一篇閱讀心得。
1037,949,3,心得報告很多，每節幾乎都有，佔分數很多，期初常點名，期末幾乎沒在點，期末有專題報告，其實不難，小組很重要，老師人其實不錯，作業都交應該都能過。,就是講性別相關的事情，老師人蠻和藹可親的。,都是報告，幾乎每節都有心得反思要寫，還有小組專題報告。
15,92,3,其中期末佔的重 然後給分有點嚴格 一次報告 兩次作業,給分的有點嚴格 要拿高分很難 但上課可以耍廢 很涼,考試都神論 考試前都會給 作業兩次回家賞析文章 一次分組報告
972,908,2,平時30%期中30%期末40%,我覺得還是稍微有音樂基礎或是對古典樂有很大熱忱的，比較適合選這門通識,期中期末都是考聽曲子還有一些上課教過的音樂知識，期末交一份個人的音樂報告
119,119,1,期中佔40%,要勤勞抄筆記,全部問答題
1019,945,1,要買老師自己寫的書 然後好多論文煩死人 每節必點,老師脾氣急躁,小組報告 申論題
1032,266,1,期中期末各50%，非本科系相關之學生一定要熟讀課本,對非相關科系的學生難易度大概是中等，老師都幾乎照課本念，大概期中考前兩節課加起來只上一節課，放假都算準準的，點名是形式上的點名而已,考試都是選擇題22題總分110，很多都是課本裡面很細的內容，例如年份啦，表格裡面其中一項啦等等...
955,906,1,給分數的時候都隨便看一下就給很低的分數，如果寫很多(3000字以上那種)，他才會認真看，我覺得學不到東西，分數還很低，很後悔選這門課,建議不要選,都是個人報告
488,921,1,出席10，作業10，期中期末各40,看似很輕鬆但上課真的很無聊老師很喜歡碎碎唸，基本上考前兩個禮拜去聽考試重點就好而且要交作業， 但不推薦給想賺學分的人因為老師有點難搞。,每堂簽到，交一份作業（這學期是讀書心得），期中考講義背一背照抄，期末考open book。
1035,954,1,期中報告+期末考試 考試上課沒聽就完全不會寫 上課舉手有機會加分 老師主觀意識非常嚴重 不食人間煙火,老師常常批評社會批評學生 上課真的專心聽會越聽越火大,期中報告是一篇新聞 老師主觀意識非常嚴重 除非寫到跟他的想法一樣 不然不會高分  期末考試有選擇題考時事 簡答題是上課內容 申論題是上課的講義
1026,950,5,各佔幾趴雖然忘了 但是期中期末都只考三題左右 都是手寫問答 考前一兩個禮拜會公布題目 題目幾乎都是自由發揮 寫自己的想法 沒有特定答案 很好發揮 老師上課活潑,老師會利用影片 再讓我們提出自己的心得想法 不古板的上課方式,會有小組報告 考試為手寫問答題 大概三題
1048,962,5,參與度高常出現有貢獻就輕鬆拿分,交朋友玩團康的課，來放鬆減壓力的,期末公演
982,922,5,沒有期中考，筆記加分用，但好像只加一點點，期中交，期末考印象中佔了40%，不難考，有寫有分，最後一題是上課心得電影心得,當你認真上課聽老師講話時，你會對從古至今的倫理道德一個認知，並相互串連起來，你會被老師給震撼到，或許會改變你一生的想法也說不定,考試有選擇題跟申論題，題目老師都會提示，不難找，容易理解，作業就是看電影的心得而已，其實基本上是沒作業
1026,950,5,考試非常簡單，都是自己的心得，考前都會告訴每一題的題目，上課是看影片，一學期大概寫個兩三次心得!!沒去上課還可以用其他課補課，老師人非常好也非常好過成績又高,老師超級好!!!!!!!選就對了,問答題，全部都是自己的看法與心得
1009,932,5,期中考，閱讀報告，期末考,上課都在滑手機，老師很善良，認真聽可以學到知識和老師會分享在醫院的故事,MC，填空題，簡答題（寫出五個很多看不到油的食物），長答題（肥胖會引起甚麼疾病），都很簡單
1052,850,2,普通分數不太會當人,不難但報告盡量要到,報告一直報告
1019,945,1,上課不知道在上什麼 狂買書 考試考申論（課本內容）有分組報告 基本上有交都會過,上課都在講有關自己的事 覺得自己很厲害 浪費時間的課,全部申論題
955,906,1,出席很重感覺分數都是用老師對學生的感覺來打的也喜歡叫學生來發言,老師很奇怪,上課會發一本莊子叫我們回去要寫心得跟一些自己的想法  而且常常上臺報告
1021,947,5,會發一張出席卡，有去就蓋一格章。期中期末前有總複習跟重點提示。老師有開兩個班，可以換班上課（兩班內容一樣），輕鬆又可以學到東西推推∼,老師會放新聞報導然後解說世界情勢。,名詞解釋*多題
1026,950,5,期中考：25%,上課就是講孩子的教育，老師會播電影，然後大家一起討論。有時候會點人，會不會點到就看運氣囉∼,期中考三題問答，考前會講題目，沒標準答案盡量寫就對了。
1025,949,5,期中考25%,1.老師人很好、上課不無聊，2.可以學到東西、有趣，3.看似活動作業很多但其實不難,1.考試：ilearn有上課PPT，但還是要去上課才比較知道重點在哪裡
965,911,2,作業佔50%,報告評分，沒有一個標準，期中報告全班只有不到10個及格,期中，期末都是繳報告，題目是申論題
1003,137,4,沒有期中期末，上課分組做實驗一定要到，之後還要寫實驗報告,教授各種化學相關東西，上課會看影片跟一些資料,作業是每次課堂上的筆記，打在ilearn上，老師都會設一個期限
1021,944,5,有期中跟期末,上課用的講義要自費，老師會選同學幫大家印。老師上課會加入時事議題配合課程內容，認真上課能學習到很多知識,考試都是申論題，寫的有回答到老師的問題都滿高分的，沒有作業
973,519,5,點名會先提醒 考期末而已,老師人好,幾乎沒作業 有的話就心得而已 有一個小組報告 期末考考上課補充講義跟幾題申論題
966,505,5,一個學期4個報告,好過（90分哦），有時候也可以翹,報告 影片要繳
1025,949,4,做好學生的義務老師都不會為難的,有時會比較難理解但仔細聽過應該就可以明白了，你不知道如何回答問題時老師會引導你，挺不錯的老師,期中考、期末考 、心得、情境模擬
1006,732,3,"有期中考跟期末考,還有期末報告,考試內容幾乎都是上課的東西,其實很好過,老師也不太當人,但是你如果是男生的話分數從60起,女生80起,字漂亮的話更加分,老師上課很喜歡找正妹互動,看你喜不喜歡囉","nctu,但我覺得如果你是一個守交通規則的人,基本上是用不到這一門課的知識","全部都是申論題,畫圖題,大概四到五題,可以先寄給他考試的某幾題,一定會寫滿考卷正反兩面"
998,932,5,期中期末各30%,生活的營養分配，攝取多寡,考試是單選
1042,957,4,沒期中末考,教你如何創新和技巧,沒考試
888,867,4,一個月點名左右，沒有作業，考試只要對老師的申論提出質疑或辯論的感覺，寫越多分數越多，不需有法律底,不需基礎，全理科也沒問題,申論題
169,364,5,1. 平時成績 30%  (小考和課堂參與),老師會有自己製作的講義，老師上課很認真都會把該上的地方上好上玩，如果趕課的話，有問題的話老師會用其他時間來回答學生的問題，如果心情不好還可以找老師聊天談談心，完全就是位天使,期中期末都是是考計算題和選擇題，幾乎都是課本習題和老師講過的題目
13,363,5,成績分配 : 期中考 30% 、期末考 30%、平時成績 40%,老師會用自己的講義上課，會一題題解答，哪一題跟哪一題類似也會馬上跟大家，要大家融會貫通，如果有數學基礎的人，不想上課看老師的講義就可以自學；老師嘴巴比較賤一點，但幾乎都是開玩笑,考試基本上都是計算題；會有一本題庫，只要把題庫上的題目做完也懂，不管小考會考期中考期末考幾乎都會80分以上
1006,732,5,分數基本上只要你上課有在聽，筆記都有抄，沒有九十也有八十，老師上課很幽默風趣，根本不會想翹課，重點是課程內容跟生活習習相關，因為有上過這門課，出車禍的時候才不會被別人佔便宜！！大推！,老師有兩個雙胞胎小孫子，上課很喜歡講他們的故事∼如果這門通識沒搶到，也可以去修運管系上的選修，也是張漢威老師開的課，內容更多（因為一週三堂課）兩門我都有修過，真的超推！！,考試基本上都考車禍鑑定，圖該怎麼畫之類的∼如果上課有在聽，考試一定畫得出來！
267,398,5,期中期末各佔 35%、平時佔 30%,點名很重要，全出席基本就可以過,"考試考選擇題為主,加小量計算題"
4,92,5,有分組作業跟個人的作文，都要交,我上課偶爾會睡覺∼考試什麼的也是亂掰就會過了，真的是大佛,忘記惹
267,242,5,上課認真聽，圖表很重要，老師不會為難你,不需要有基礎，老師上課淺顯易懂,無作業，考試為選擇、名詞解釋、半申論題
367,109,5,看老師怎麼評，每學期都不一樣，不過都是以考試次數分配比重,老師教的超好，但是上課不能滑手機，要抄筆記,多練習題&筆記題目，大概都會及格
192,424,5,上課回答問題加分,老師人很好，上課很有趣不會睡著,沒有作業，考試全選全英
13,263,5,小考60分起跳,老師上課很用心 沒在用課本 上課抄筆記就ok,沒有作業
193,274,5,"出席很重要,每節必點,但是上課可以做自己事老師幾乎不管","這堂課像是管理心理學,其實都是很簡單的常識,不用基礎,只要考前照講義背一背一定好過,講義是老師自己編的，老師是個退休的老阿伯,人很好,不過講話很濃厚腔調容易聽不懂,不過其實看講義也沒差",考題都是前面一半 超簡單填空
4,36,5,分數不會太為難，只要作業有寫，學習單有交分數都蠻高的，蠻看重出席的，上課主動發言有加分~~,上老師的課可以學到滿多東西的，也不會太無聊，聽不懂的話，老師都會換個方法再解釋一變。,作業跟考試大一國文都一樣，所以差不了多少，只是上課學習單比較多。
13,586,5,很會教，傳說中的逢甲好老師，只要你去上課就有分數，上課不可以看手機跟睡覺，只要紮紮實實的上課就能吸收很多！！,不怕你不會！只怕你不要啊！,期中考會自己出題，題目比其他系的微積分來的難一些，但有讀書就會喔！！
557,566,5,期中期末各20%，兩次小考各15%，作業跟出席共30%,這堂課主要在學怎麼有linux打出自己一套的小程式，能學到的東西還蠻多的，老師也很用心備課跟教學,考前有大猜題，以是非題跟問答計算題為主
1093,386,5,點名到 基本就會過,不用基礎 老師會教,上籃
13,363,5,期中期末不及格但不要太慘,老師會問妳問題，所以要有大心臟，問問題一定要回答，不知道就答不知道,沒什麼作業
913,881,5,期中考30%,我認為先上過基礎、進階還有日語語法再來選修比較好，老師上課會分析句子，所以需要懂一點文法,讀兩篇漫畫，老師上課會帶我們看一次，期中期末都是考單字+句子翻譯
539,609,5,上課只要聽得懂,可惜聽不太懂他在講什麼，雖然不會可以問他，但不是重點一樣會過,考試題型全給你
200,286,5,平時作業40%,老師棒棒，自己思考在這門課很重要，會以ㄧ個產品或服務貫串整學期課程,每堂上課有個人或整組的學習單，邊聽課邊完成40分get~
1090,971,5,只要都有去 有期中 就是上課內容 我當堂才學會 80過沒有期末 最後90分,很不像想像中的太極老師很有趣認真想學太極就要私底下再問老師,考上課有打過的
215,322,5,一次作業(題目自訂、可複製貼上)+一次上臺報告(上學期是東協的國家中挑一國來介紹)，報告結束會問大家意見給分，都是85分↑再+報告互評，不點名，評分方式超free，老師人又好又有料，目前是大陸一間知名企業CEO，喜歡把滿滿的資料跟同學分享，超推！！,老師是大陸一間很有規模的企業的CEO，人在一線的他會直接跟我們分享要怎麼賺錢、怎麼彈生意、怎麼面對客戶還有尋找新通路，以跳脫性的思維在教學，很適合未來打算從商的你來修課！！,不考試
4,181,5,期中期末有一定比例,上課方式有趣，淺而易懂，互動多，不無聊而且可以真的吸收到東西,考試就基本選擇和寫作
231,399,5,期中30%期末40%平時30%,雖然老師有時候感覺好像是想講冷笑話，但是都不太好笑，可是人真的很好,選擇33題
4,180,5,國文的評分方式是全校統一，不過平常分數老師真的不會太刁難，會抽籤回答，但回答不出來就換下一個，回答出來就加分，平常作業成績跟期中期末寫作分數也都給的挺高，上課內容跟方式很多元,上課內容及教材多元、老師人很好且分數都給挺高、回答問題都會加分,10題選擇，配合題20分(期中)
917,882,5,要期中期末考，老師很注重出席率，幾乎每節課都會點人起來回答問題，但是老師教學上真的很認真，她還會額外補充一些文化上的知識。,老師人很好，超有耐心，上課又有趣，會有獎徵答加平時分,"期中是考填充題居多，要背熟每個單字，還有看得懂基礎片語與文法，期末比較簡單，考選擇題，但是要了解比較深入的文法觀念，比如說:過去肯定,否定，結尾就會不一樣。"
799,810,5,期中期末各50,"老師是講實務不是無聊的理論, 非常充實完全不會想睡, 大推∼",40題選擇
788,802,5,課堂小組題目.點名加扣分.期中報告.期末報告.股票實際操作,老師的講解深入淺出  非常清楚,期末考帶回家寫
4,37,5,有隨堂考 算入平時成績 作業缺交4次以上危險 缺席很虧,很好過！老師也很用心！,分組報告 隨堂考內容基本上都是發表自己的觀點
222,383,5,課程非常實用，且上課可聽到很多時事新聞，重點是教你投資策略使用方式跟心理學,這堂課主要介紹股票，選擇權以及市場過去歷史，老師是學校財務長，且是學校退撫基金操盤手。,期中考問答題申論題，期末上臺報告
416,134,5,期中期末60%平時成績40%,上課基礎至少要有普通化學的基本知識，然後至少要有豐富想像力，會想像圖形結構,考題，基本上就是上課筆記或是考古題，整體來說根本不會很難上課有認真一定都會寫
1056,520,5,老師偶爾點名，通常是簽到表，只有期末一個分組報告，平常上課就是看老師的PPT或是做DIY，上課內容很有趣,老師上課十分有趣，對這方面的知識非常充足，常常補充一些有趣的事情，DIY也不會因美醜打分數,期末分組報告自選主題，與傳統藝術有關的就行，上課DIY都是做一些彩繪
574,608,5,其實好好考就會過了,老師人很好 不太會管妳 上課非常認真,考一些基本題 ilearn做一做 公式理解好就沒問題惹(>﹏
867,857,5,老師人超好，只要上課大概都有到，作業都有交，成績都不錯，而且對系外學生會鬆一點。有時候上課是去校園走走認識植物，很有趣不無聊。,老師人很好，所以沒什麼壓力,期末考用投影片播放植物圖片，很簡單。
161,339,5,"期中期末各佔30%, 作業與出席佔20， 實習課佔20%， 老師人很好上課回答問題交加分作業等 老師都會記得",會計學一是給新手的會計學，所以不太難，當然老師會很有耐心的解釋問題，並且在考前做重點整理和複習,沒有報考 會計學考試期中考都是計算，期末考會有10題的選擇問題
4,92,5,期中30%,教課很有耐心，老師個性很好相處,考試：
192,424,5,期中期末考、 有期末報告、 上課發言會加分,老師人很有趣，會講很多實例,全英文的題目(上課講義會有，不算太難，有讀有分數) 期末報告
234,322,5,基本上都不點名(有點簽到單),輕鬆高分過,一次上台報告(分組)
66,103,5,期中期末都是報告!!!,盡量多跟老師互動，老師也很有耐心都會回答的很詳細,期中報告是寄給老師，期末報告要上台，皆為個人報告
711,714,5,不太考試但每堂課都要小組討論 老師人超好 課程超好玩,不會很難 而且很好玩,考試申論題  自己設計運輸相關系統
18,630,5,期中末標準投影片都有 偏甜,老師人很好上課一步一步帶很有耐心,計算題居多
789,793,5,超涼 簡單,很涼,考試自帶資料
200,286,5,期中考20%,認真上課會學得很充實，老師人很好 但是會要求 多和老師溝通就容易抓到老師的點,期中考：英文選擇題
1082,975,5,每節必點跟考試,老師人超好上課很輕鬆活潑,考試只有期末是考上課教的動作，會有些要求，可是不會很難
1434,769,5,有內容好過,老師個性超好,考題考前會說的很詳細
10,399,5,期中期末各佔35%、平時成績30%，平時成績看作業、平時考，上課點名採加分制，有到就加分，沒到不扣分。,"這門課就是學經濟學的理論，課本是：Mankiw , Principle of Economics；老師上課很有趣，會提實際例子，而且他還懂生命靈數，最後一堂課有時間他還幫大家算一下，很棒的一位老師。",期中考33題選擇題，期末考50題選擇題(全英文)
707,339,5,老師人超級無敵nice， 上課有分組搶答加分活動， 有問題尋問她時都會很詳細地解說，是個好好老師，只要多練習題目大致上這門課一定pass,同上~ 數學不好的不用太擔心，因為其實根本無關，有背就有分!,考試有10題選擇
476,525,5,考試不會太難兩題，有考古題，有看有分，但是有點忘記佔多少趴了,老師經歷豐富，懂很多，上課常播影片，雖然早八，但是好過,考試兩題，主要都是講義的，有看有分，可以找考古幾乎一樣
707,259,5,考試不會很難，出席不重，一學期大概點個幾次而已，老師教的好，認真聽，輕鬆過。,老師講的淺顯易懂，人又很好！,考試跟課本題目差不多，會出幾題跟夜輔一模一樣的題目；作業助教出，簡單題型，有上課都會寫
345,429,5,老師人超好超可愛,非本系專業的學生來修也不會有負擔。,要拍一部影片，不會很難。
579,616,5,期中期末各30%平時成績40%(包含結報預報，至少要做1/2以上才能過),教各種基本電子電路的實作，看波形等，助教人都很好，可以問很多問題,考試
1006,732,5,有分考試跟作業,上各種車禍肇事鑑定，還有認識路啊~等等，對了，還要老師雙胞胎孫子哦XD,只要上課有拍考試會考的投影片，考試可拿筆記、手機，甚至剪下課本都可以，很好過，不過老師習慣認人，要到上課喔~
588,615,5,小考（4∼6次）30%、期中30%、期末40%,老師上課很清楚，不管是本系或外系都可以修，內容都是由簡入深，不會說很難。,小考都很簡單都是上課講義內容，但是期中期末考的內容就會有變化題或是難題，跟小考難易度落差很大，不要以為小考拿滿分就可以不準備去考期中期末
549,572,5,學期前老師會公佈評分方式，最後調分時會整體一起加，然後50~59的最後總成績為60分。,基本上都是課本內容的講解，要先修過邏輯設計才會比較懂整個課程。，老師個性的話我認為是滿好的，點名次數也很少。，有時候上課時會跟同學聊聊天什麼的。,小考的話會依照教到的進度決定，基本上都是講課內容的變化題。
267,793,5,期中30 %期末40 %?小考和報告各佔15%，期中和期末考試的分數都會超過100分唷！老師說他是客人，客隨主便！人超級好的，教的又棒，簡直就像是天使一樣,老師上課會提示考題，基本上總分130的話考120不是什麼大問題，超過100的部分加到平常成績去,期中考期末考小考都是選擇題，期中期末有些從小考出，大部分都課本後面選擇題，報告是寫看新聞的心得，只要1張A4紙別超過
1089,118,5,期中期末各會有考試，老師都會先教，而且都有補考的機會 再來就是點名的部份，老師很注重出席和穿著，然後老師教的很仔細，可以學到很多,這堂課不管你之前有沒有基礎都可以來，老師會從基本開始教，循序漸進引導，而且很有耐心，老師他還曾經打過類似海碩盃的比賽，是個國手哦,會考類似正手、反手拍、對牆打等類型
1080,445,5,1.繩結與確保30%，2.雙繩垂降10%，3.橫渡技巧20%，4.上方確保攀登20%，5.平時成績20%,1.很值得挑戰，2.老師人很好，3.課程很充實,考試內容上課都會教和練習，不太可以缺課，一缺課就跟不上了
901,872,5,沒有期中考期末考，但期中期末都要上台報告，是十個人為一個小組，所以分到的工作蠻輕鬆的,要點名的前一個禮拜老師會說，老師人很好的不要欺負他,無作業無考題
173,242,5,總共考三次試，考試成績很重要，修這堂課的同學真的要認真上課，但學到的東西蠻多的，老師也會分享很多有趣的事，用不用的到看個人囉！,上課要認真聽講!,有選擇跟畫圖與計算題
78,140,4,平時跟作業40% 其中期末各30%,老師上課講得很清楚，自己做的講義滿棒的，可惜老師的字有點醜有時候會看不懂 每堂必點名,考試出中文題 題目基本上都從講義出非常簡單
636,662,4,你多認真就有多少回報,老師講的很詳細，最好認知上課,考題 去找考古題
707,212,4,頗鬆的,只要不是成績太爛…老師都很給你過,考試就是寫會計的表
202,792,4,期中期末有一個進步幅度就會過,記得去東裕買萬年筆記 筆記上寫必考一定會出，老師上課就像機關槍噠噠噠，不建議外系同學來選,考試總分140左右 不管怎樣一定要寫好寫滿會給一點同情分
173,242,4,課堂小考20% 期中期末各35% 出席10%,"老師上課很認真,會分享自己的事情,特別會一直提到陸生(!?)不過課程內容蠻難的,要認真讀書才可以過","每次考題不一定一樣,大概都是選擇15題,有時候有畫圖題還有簡答題,畫圖一定要寫的很詳細,寫的詳細度會影響該題拿到的分數"
702,330,4,期中期末考試各20%,"課程比較偏管理方面,跟架船造船的沒關係,所以主要還是在教關於船商事業的部分,老師人很好很溫和,可以跟他ㄠ考試出簡單一點","期中考題是從課本出約6題申論,包括一題是非題形式的申論"
559,567,4,期中期末各30%，小考20%，作業跟平時成績20%,上課算很細心，很關心學生的學習狀況，能學到的東西不少，期末會有一個專題，但不會太複雜，只要肯學習，期末總成績一定都不會太差,全部都是問答題以及計算題，題目很多，通常都寫不太完，不過考卷滿分都會破百
423,498,4,出席率、期中辯論、期末討論，沒有考試,老師人非常好，會講很多有關業界的事情跟他的人生歷練，跟你建立很多價值觀以及投資理財的概念，很會跟學生聊天且不限上下課,不算考試，期中考用分組辯論的方式打成績，好玩不嚴肅；期末是整學期以來有吸收到的上課重點分組上黑板寫，派代表說其內容即可
338,432,4,期中考超簡單 期末報告也很輕鬆又學得到東西,不用基礎 外系選修也很歡迎喔,期中考申論題 通常會預先告訴你 讓你可以準備
202,792,4,期中30期末40小考作業分數也會影響哦 考試還有教的有點難 但是認真上課可以學到很多東西哦,了解一些關於股市.債卷...的風險 利弊。老師知識深厚 可以好好詢問 他會為你解答所有疑惑,通常都考7頁以上 考試時間2.5∼3小時 總分數都超過100 不過題目都偏難
267,818,4,每堂課都會有作業、會點名（有時候課間還會再點一次）期中期末考都會提早考、會有考前提示（很重要都會考）,課本可買可不買（但是功課題目在課本裡 不買的要去借書找題目）、只看老師ppt也行,會有電腦作業
338,432,4,有期中跟期末報告∼還有出席成績 老師人很好,上課內容聽聽就好，很輕鬆，老師人很好,考試手寫可是都會有考前提示，要創粉絲專頁然後經營跟報告
926,571,4,忘記各佔幾趴 但有期中考 很簡單 只要上課有跟著老師的腳步一定沒問題 老師要求的作業也不多 只要按時繳交 分數都不是問題,老師很有耐心 無論有任何問題她都會認真回答 也會顧慮到每個人的程度,考試題目很少 方向很大 不需要事前準備 只要上課有聽就會
10,403,4,上課要專心，千萬不能滑手機還有睡覺，作業一定要交，不然必當無疑,上課一定要專心，不然會聽不懂，雖然有時候很兇，但是教的很好，很認真,全部都是選擇題，而且是原文命題
378,895,4,期中+期末考大概佔90,不用基礎，老師自己還翹過課,幾乎都是問答題，跟上課ppt或給的題目有87%像
544,568,4,期中期末各35%，平時30%,上作業系統基本概論，五大排程演算法，及各種不同演算法,考試全申論跟計算題，只要有考古題一律輕鬆高分
654,669,4,分數給的不錯,難易度：易，考古題要會 就輕鬆拿分,考試幾乎都考古題上的
544,570,4,上機作業佔很重、期中、期末、出席率、上課回答問題加分,講得很細、認真可以學到很多、但是講課速度也很慢，最後一堂會趕課,期中期末都有考古、期末考古全中機率高、每周有上機實習、期中通常大家會考不好，太爛老師會給機會補考當加分
267,398,4,不喜歡學生睡覺，喜歡人多,學店生都能過,考試考筆記，不需要助教
1022,412,4,報告佔最重其次出席,可以學更多有關兩性的溝通,沒有考試
15,81,4,作業幾乎每堂課都有，但不會太難。,對文學有興趣，樂於跟老師交流的話都可以選~~,作業幾乎都是上傳ilearn，只有一些要紙本。
302,398,4,期中期末各佔30%，平時成績４０%，算是一分耕耘一分收穫的課，上課有黑板筆記，考試大概只考筆記,無,不一定
704,719,4,期中30% 期末報告40% 出席10% 平時分數10% 發問分數10% 發問分數很重要,老師人很好 有發問 題型都是考古 一些是上課教過的,20題選擇 中英文
78,641,4,考前有考古 讀熟就過,教的普普 但好過,沒作業 平常考要到
477,80,4,沒有作業沒有報告沒有小考，期中考期末考而已，幾次的簽到但是老師不重點名,老師人滿好的，不過上課無聊不過基本上不重視點名、考試又都會事先給考題真的超佛ㄚ！,老師會公布考題在ilearn上面，也會放ppt講義，考試題目的答案都可以從ppt講義找到
327,257,4,期中期末(一定要寫通關密語哦) 報告(超重要),老師人很好，但要有喜歡的人修才不會那麼痛苦，因為報告很重要,上課用書裡 、 報告(要創新、 要創新注重氣氛、 形式)
81,384,4,期中期末各30%作業平時30%出席10%,期中前高中的程度期中後一定要好好聽老師說噢!實習筆記要抄好抄滿!!,都是選擇題
102,156,4,出 席  : 20%,老師人很好，講得很清楚，每節課都會簽到點名，但他會挑最多人簽到的點名單上繳學校,1.期中考都是問答題，都考老師PPT內容，期中作業的內容佔考題50%
369,149,4,開學第一次上課會和學生討論,老師喜歡隨堂考也就是提早考試，不會排座位先到就先選，然後老師上課喜歡給坐前排的同學取綽號，被老師記起來的會加印象分數，而且老師的口頭禪很多,一半填充一半計算
163,369,4,沒有作業，考試只有期中期末,老師講的很詳細，聽不懂就算了XDD,考試前一週洩題，選擇題50題
25,586,4,出席12%小考(4次)28%期中30%期末30%先說老師很硬，絕不調分，但保證收穫很多，想學好工數的人推推,老師講解很快，推上課認真聽，網路有影片，下課或考前可以讀，筆記建議抄影片比較好跟的上,沒作業
540,623,3,沒考試，沒評分方式(☉＿☉),唱you raise me up，請很多教授介紹電機系在幹嘛，各種廢話,每次上課寫心得就有分數，心得掰多白痴都可以
707,244,3,老師教的有點爛，但期中期末考都考課本習題，每個禮拜都有小考，好過,老師人很好，像媽媽，但學不到什麼，自學比較快,都是課本的，考卷一面選擇，三面計算，選擇要寫算式
81,340,3,期中佔70%平時佔30,不會教,Mc題
194,275,3,平時成績30%,1.外系選修可，2.上課不可以睡覺，3.中規中矩、無聊，4.每堂課必點，5.老師說話速度慢,考前上課會勾題(需課本)，勾十題考五題，寫越多越詳細分數越高，背多分
1302,757,3,期中期末分組報告,1.商學院可做外系選修，2.上課傳簽到單，3.認真學多少可學到東西，4.作業報告都有做分數85以上,分組報告某一個休閒事業
707,244,3,上課上的很爛，每堂課必點名，平時分數只要到就會高，段考題目跟課本一模一樣，只要背答案就可以了,這個老師教的不好，所以助教上的會計學實習課，一定要到，不然就真的什麼都沒學到，只是浪費時間,沒有作業沒有報告，選擇題跟計算題都是課本題
603,623,3,平時20%、小考/作業20%、期中考30%、期末考30%,上課算是輕鬆，但是必須回家練習作業，老師的想法也是希望大家可以自己練習過，考試不會刁鑽都是基本題，期中考後會發期中檢討記錄表，目的是希望學生可以檢視考差的原因，或分享如何考高分的，老師算是一個重視學生學習吸收程度的老師，但是可能講課不是特別清楚。,期中期末考可以帶重點筆記，必須手寫在一張A4紙正反面，內容不拘看自己覺得什麼是重點，考試重點在於會應用，刁鑽公式不用背看重點筆記就好。
202,803,2,老師感覺蠻重期中期末和報告,個人不太推,考全英文
78,1042,2,小考兩次30%各佔15%，期中期末各佔30%，出席率佔10%,上課不停抄筆記，你想聽也聽不懂，建議買課本自己唸,考試只會考4或5題，後面的題目會比前面的簡單，沒有作業
18,568,2,期中30%期末30%平時40%,最好先把整本C看過三遍,看老師高興
202,411,1,其中期末會先給出題範圍，但是大家考出來一樣差,教導有關財務管理方面，例如:利率 年金 報酬率計算之類的,考試會有五題名詞解釋和四大題的計算題
539,1101,1,分數不錯,老師很令人無言,上課小考
18,137,1,不了解，基本看上課作業交的程度,雖然學長姐都說老師大佛，不過我覺得他根本不適合上這個科目，聽說他不是主修這個，不過既然要上，應該上自己能教的，就連自己都不懂那套程式語言，還硬要教，沒頭沒尾的，雖然好過，不過學不到東西,他說會考的絕對不會考
200,286,1,期中20%期末40%平時、作業40%,個性捉摸不定 不推,英文
433,511,1,考的不好沒關係，記得高於平均就好,呃…努力點吧。有時候努力也不見得懂 哈,作業要記得交，平時分數也可以掌握你會不會被當
78,1042,1,考試很難,個性機車，考試分數不好要（根本要不到），會管秩序 教室外也管,沒作業 沒報告
1434,367,1,完全沒有評分方式 應該是看心情去評分的,老師就是怪！沒在上課本的東西！導致段考都不會,作業叫我們自己出題目自己寫詳解重點是都沒上過的課程就叫我們自己寫詳解....
1434,781,1,期中期末各佔30%，平常成績與出席率40%，考試愛考題組,教授像補教業老師，講話速度快，笑裡藏刀型,考試為題組，沒作業
190,268,1,隨便考隨便過，老師不當人，但就是很廢,睡覺休息看書的好時間,選擇題和問答題，問答題還可以自己先準備題目背起來
1434,239,1,老師心情決定一切,老師會罵人,考試是學校統一喔
539,1101,1,出席會占5%，所以習慣蹺課的同學要考慮一下，還有選課秘笈上寫好過是沒有錯，但是如果是想學到線性代數精髓（有辦法應用這個學科的知識）的話並不推薦，因為老師上課都在講題目和她會考什麼，還有，她時間表蠻滿的，不容易問到問題。,上的東西都蠻基礎的，聽不懂自己看考試也絕對沒問題，除非你只在考前才念書,老師習慣在課堂上小考，要考的前一堂會先提醒，除非太少人來上課臨時決定加考小考。期中期末的話她都會在平常上課洩題，考前會大洩題，老話一句，想學好東西真的不建議找她
707,244,1,評分紮實,老師教的實在是…不予置評，多去上夜輔比較實際啦,期中都是手寫題，期末10題選擇占40分，其他都是手寫，其實觀念都有搞懂就能考好，考題偏易
567,582,1,期中期末50%，平時50%（包括3次小考）,老師教的很沒有系統，學不到任何東西，講話很小聲，非常重點名，考試就算高分，但是點名有缺席紀錄，分數就給很低,全選擇題
1085,262,5,期中考占百分之30分,老師人無敵好；第一節課的前20~30分鐘是在講解與球的規則、如何發球、如何殺球、如何接殺球、如果打單打、如何打雙打，很多很多，後面的時間就是暖身各自練習打球，可以雙打也可以單打，還會提前15分鐘下課,考試其實就是去玩的，因為考試就是打球，兩個人一組，女雙的跟女雙的打，男雙的或混雙的一起打，比賽分數其實只是成績評分的參考，真正的評分是看學生有沒有認真打球，不要常常遲到或坐在角落聊天，分數基本上不會低於90分
1110,149,5,平時20%小考20%期中期末各30%,筆記認真抄，考試會考,沒作業，考試筆記多看簡單
1392,412,5,期末報告有交、自評不要謙虛就會高分,交期末報告就會過，有同學從沒去過86過,期末報告自訂 出席不重
283,822,5,課堂表現和小考各20%，期中和期末考各30%,如果有不懂的題目，可以跟老師請益，老師會教到你懂為止。而且不止機率論的問題，如果有數量方法相關的疑問，或是想了解財務工程在作什麼，可以跟老師聊。,當時全班決議考選擇題，於是老師出選擇題了
421,185,5,期中、期末、實驗報告、出席。分數給的不錯，作業要交。,上的內容是平常接觸不到的，但有認真聽會很簡單∼老師人很好，講的也很明瞭。,期中期末會給題庫∼上課有幾堂實驗課，要交實驗報告。作業有教、題庫有看，相信不會有人被當。
78,665,5,隨便過,不會寫都能過,隨便寫
364,572,5,老師最後把50-60分的學生全部變60，老師好,不需基礎，但如果能先預習就很棒了,認真上課聽講，遇到困難尋求幫助，保證期末pass
836,617,5,期中期末各25%兩次小考各25%額外加分考20%共120分,老師人佛不說，上課超認真，而且有時會教自己的算法，讓人更快懂，很棒的一位老師,沒作業
539,550,5,筆記佔40%,線性代數，有點難但老師教的很好,上課筆記算分
1157,155,4,作業最最最重要，有期中考、期末考但其實比重不大，出席可以加分，幫老師訂書也加分。,老師很喜歡找人聊天哈哈，上課雖然沒人聽，但其實他講了很多不錯的時事，如果以後要走那些產業，可以了解了解。,個人作業
1599,554,4,三次上機考各佔60%，期末考佔40%,上課都在教觀念，基本上是滿佛的，上機考很重要，拿高分很簡單,期末考全申論
508,542,4,期中期末,這堂課滿輕鬆的，老師上課進度滿緩慢的，因為他很喜歡聊一些五四三,考試都是考老師上過文章中的單字和翻譯，如果有背其實不會太難的
1806,209,4,有交作業跟出席就會過了,聽老師廢話,個人作業一學期三次
1910,3,3,重要是用老師自己印的講義,建議有心要修華語學程的再來，老師上課會問問題,老師會給一張清單
225,403,1,考試考很難,"不是必修課,絕對不會有人選的課",考試全是長問題
