dept,sub
通識中心,教學學習實務(一)
通識中心,班級活動
通識中心,體育(一)
通識中心,大學國文(一)
統籌科目,多元文化
通識中心,專業領域概述
通識中心,溝通表達技巧(一)
統籌科目,創意思考
通識中心,跨領域專題實作
綜合班,經濟學(一)
綜合班,經濟學(一)實習
綜合班,微積分(一)實習
綜合班,微積分(一)
通識中心,漫談閩南語
通識核心課,文學與生活
通識核心課,生涯規劃
綜合班,服務學習
工學院,計算機概論
工學院,普通化學(一)
工學院,普通化學實驗(一)
綜合班,普通物理(一)
工學院,普通物理實驗(一)
工學院,纖維與複合材料研發專論暨工程倫理
軍訓,全民國防教育軍事訓練(一)
綜合班,工程數學(一)
工學院,人造纖維工程(一)
工學院,織品製程(一)
工學院,紗線製程(一)
工學院,電腦輔助工程繪圖(一)
工學院,纖維化學(一)
工學院,織品製程實習(一)
工學院,紗線製程實習(一)
工學院,有機化學(二)
工學院,材料力學(一)
工學院,高分子化學
工學院,複合材料製程　
工學院,熱力學
工學院,纖維物理(一)
工學院,纖維染色學
工學院,纖維製品檢驗實習
工學院,工程統計(一)
工學院,線性代數及其應用
工學院,高等工程數學(一)
工學院,創意研發專論
工學院,專題研究討論
工學院,土木用補強材料
工學院,有機生醫材料概論
工學院,紡織工廠管理與設計
工學院,工廠加工實務(一)
綜合班,工程圖學(一)
工學院,機電概論與工程倫理
工學院,應用力學(一)
工學院,工程材料學(一)
工學院,熱力學(一)
工學院,機動學(一)
工學院,機械畫
工學院,流體力學
工學院,控制系統(一)
工學院,專題實作(一)
工學院,機械製造(一)
工學院,機械設計(一)
工學院,機械工程實驗(一)
工學院,工廠管理
工學院,能源工程
工學院,專題實作(三)
工學院,工具機專論
工學院,暑期校外專業實習
工學院,新科技之進化與應用(一)
工學院,智慧機械專題實作
工學院,電子熱傳學
工學院,電腦輔助結構分析
工學院,電腦輔助工程分析-ANSYS
工學院,電工及電子學實驗
工學院,塑膠射出模流分析實務
工學院,學期校外實習導論
工學院,工具機主軸設計與分析
工學院,工業工程與系統管理概論
工學院,工程數學
工學院,工程統計(一)實習
工學院,工作研究
工學院,經濟學
工學院,製造程序
工學院,成本管理(一)
工學院,電工概論
工學院,生產與作業管理
工學院,作業研究(一)
工學院,品質管制
工學院,專業外語
工學院,生產排程
工學院,表現技法
工學院,供應鏈管理導論
工學院,設施規劃
工學院,設施規劃實習
工學院,畢業專題
工學院,決策支援系統與企業智慧
工學院,化學工程概論
工學院,分析化學
工學院,有機化學實驗(一)
工學院,有機化學(一)
工學院,質能均衡
工學院,奈米技術概論
工學院,塗料化學
工學院,化工熱力學
工學院,物理化學(二)
工學院,物理化學實驗(一)
綜合班,單元操作(二)
工學院,化工程序模擬
工學院,高分子工程
工學院,醱酵工程
工學院,程序設計
工學院,程序控制
工學院,單元操作實驗(一)
工學院,半導體材料
工學院,界面活性劑化學
綜合班,專題研究(二)
工學院,計算機程式語言
工學院,航太工程概論
工學院,APPS程式設計
工學院,電子電路學
工學院,應用力學(二)
工學院,飛機次系統
工學院,電腦輔助工程設計-CREO
工學院,空氣動力學(一)
工學院,飛具結構學(一)
綜合班,流體力學(二)
工學院,航太校外專業實習(一)
工學院,航太專題與實作(一)
工學院,控制實驗(一)
工學院,線性控制系統(二)
工學院,航行學
工學院,航太熱質傳學
工學院,電腦輔助工程-ANSYS(一)
工學院,太空動力學
工學院,飛具設計(二)
工學院,航太校外專業實習(二)
工學院,航太專題與實作(三)
工學院,民用航空法及FAA民航法規
工學院,電腦輔助工程-CATIA
工學院,程式設計與應用
工學院,工程力學
工學院,電腦輔助立體繪圖
工學院,精密模具系統設計實務
工學院,精密量測
工學院,精密模具學
工學院,綠色產品設計
工學院,產業機械系統設計實務
工學院,電控設計
工學院,電控設計實驗
工學院,製造學
工學院,影像識別
工學院,液氣壓動力系統
工學院,精密模具設計與製造(ㄧ)
工學院,精密主軸設計與製造
工學院,工具機模組設計與實務應用
工學院,數位製造專題
工學院,學年校外專業實習(一)
工學院,學年校外專業實習(二)
工學院,學年校外專業實習(三)
商學院,品牌創新與經營專題(一)
商學院,期權投資交易實務
綜合班,會計學(一)
綜合班,會計學(一)實習
商學院,民法概要
綜合班,資訊網路
綜合班,中級會計學(一)
綜合班,中級會計學(一)實習
商學院,成本與管理會計(一)
商學院,成本與管理會計(一)實習
商學院,統計學(一)
商學院,統計學(一)實習
商學院,企業倫理
商學院,財政學
商學院,國際貿易與匯兌
綜合班,高等會計學(一)
商學院,高等會計學(一)實習
商學院,財務會計專題研究實習
商學院,財務會計專題研究
商學院,管理會計
商學院,租稅申報實務
商學院,期貨與選擇權
商學院,會計審計法規
商學院,會計資訊系統(二)
商學院,電腦審計
商學院,審計學(二)
商學院,內部控制與鑑識會計
商學院,暑期校外專業實習(一)
商學院,暑期校外專業實習(二)
商學院,會計師業務實務
商學院,校外實習導論
商學院,企業概論
商學院,人力資源管理
商學院,行銷管理
商學院,行為科學
商學院,服務業行銷
商學院,商業軟體應用(二)
商學院,簡報技巧與溝通
商學院,管理活用
商學院,電子商務
商學院,企業管理專題研究(一)
商學院,作業管理
商學院,財務管理實習
商學院,財務管理
商學院,文化創意產業管理
商學院,企業資源規劃實務(一)
商學院,物流管理
商學院,金融市場
商學院,組織行為個案研究
商學院,組織理論
商學院,債券市場理論與實務
商學院,資料庫管理系統
商學院,管理書信寫作
商學院,廣告管理
商學院,顧客關係管理
商學院,人際關係
商學院,策略管理
商學院,企業資源規劃實務(三)
商學院,企業管理書報研討
商學院,投資管理實務(一)
商學院,產業經營實務
商學院,創業管理
商學院,網路行銷
商學院,證券投資學
商學院,商業軟體應用
商學院,國際貿易實務(一)
商學院,國際貿易理論與政策
商學院,國際貿易實務(一)實習
商學院,保險學
商學院,商業英文書信
商學院,商用英文會話(一)
商學院,商事法
商學院,個體經濟學
商學院,國際通路管理
商學院,經濟問題分析
商學院,大陸與東協市場開發與通路管理
商學院,國際金融
商學院,國際企業管理
商學院,國際財務管理
商學院,國際財務管理實習
商學院,國際物流管理
商學院,全球金融創新趨勢
商學院,行銷研究
商學院,投資學
商學院,東亞台商與國際政治經濟
商學院,國際貿易展覽實務
商學院,國貿英文(一)
商學院,供應鏈管理
商學院,社會創新與企業社會責任
商學院,國際人力資源管理
商學院,全球行銷管理
商學院,網路貿易與經營
商學院,國際貿易經營管理
商學院,商用日文
商學院,報關業務經營
商學院,國際商務溝通
商學院,國際貿易操作實務
商學院,國際企業個案分析
商學院,職場英文(一)
統籌科目,公民參與
統籌科目,社會實踐
統籌科目,管理學
商學院,國際文化探索
商學院,產業競爭分析
商學院,國際商業英文
商學院,歐美經貿專題
商學院,租稅法(一)
商學院,個體經濟學(一)
商學院,貨幣銀行學
商學院,成本會計實習
商學院,消費稅理論與制度
商學院,財產稅理論與制度
商學院,財政學(一)
商學院,成本會計
商學院,總體經濟學(一)
商學院,營利事業所得稅
商學院,國際租稅
商學院,財稅專題
商學院,地方財政
商學院,審計學
商學院,抽樣調查
商學院,統計計算
商學院,統計計算實習
商學院,線性代數(一)
商學院,機率論
商學院,機率論實習
商學院,迴歸分析
商學院,迴歸分析實習
商學院,實驗設計
商學院,應用數理統計學(一)
商學院,應用數理統計學(一)實習
商學院,流行病學方法論
商學院,資料採礦
商學院,統計服務學習
商學院,統計專題(一)
商學院,暑期校外專業實習(三)
商學院,經濟書報導讀
商學院,個體經濟學(一)實習
商學院,總體經濟學(一)實習
商學院,套裝軟體-OFFICE
商學院,經濟數學(一)
商學院,管理經濟學
商學院,公共經濟學(一)
商學院,貨幣銀行學(一)
商學院,人力資源經濟學
商學院,商業心理學
商學院,實驗經濟學
商學院,環境經濟學
商學院,計量經濟學
商學院,計量經濟學實習
商學院,綜合專題研究
商學院,企業運作實務
商學院,產業經濟學
商學院,經濟成長
商學院,經濟學與心理學跨界探索
商學院,社會事業
商學院,合作事業
商學院,公民社會與第三部門
商學院,組織行為
商學院,社會學
商學院,合作組織與管理
商學院,非營利組織與管理
商學院,非營利事業經濟
商學院,社會企業實務(一)
商學院,創新管理
商學院,非營利與合作事業綜合研究(二)
商學院,合作與非營利志願服務
商學院,社區經營與管理
商學院,美學與產品創意
商學院,行銷表現工法
商學院,跨文化行銷溝通
商學院,零售與通路經營
商學院,廣告與行銷溝通
商學院,品牌與行銷文案設計
商學院,動態影像美學
商學院,創意設計與意象
商學院,創意學
商學院,網路行銷與品牌發展
商學院,符號解碼與消費行為
商學院,銷售推廣學
商學院,日本商情與策略
商學院,體驗與服務設計
商學院,品牌關係經營實務專題
商學院,全球行銷與談判
商學院,行銷分析與決策
商學院,行銷企劃與商業決策
商學院,餐旅行銷管理
商學院,網頁設計及動畫
商學院,串媒體與品牌行銷
商學院,留學講座
商學院,國際企業經營策略
商學院,英文翻譯與寫作
商學院,商業分析專題
商學院,商學資料分析
理學院,計算機概論實習
理學院,新鮮人專題
理學院,線性代數(一)實習
理學院,數學導論
理學院,計算機程式
理學院,電腦實習
理學院,高等微積分(一)
理學院,高等微積分(一)實習
理學院,微分方程(一)
理學院,微分方程(一)實習
理學院,數學史
綜合班,邏輯設計
理學院,代數學(一)
理學院,代數學(一)實習
理學院,作業研究
理學院,物件導向設計(一)
理學院,矩陣計算導論
理學院,統計方法
理學院,數理統計(一)
理學院,專題討論
理學院,多媒體應用軟體
理學院,數學與金融實務
理學院,機率專題
理學院,生物學
理學院,生物學實驗
理學院,環境科學概論
理學院,工程數學(一)實習
理學院,分析化學實驗
理學院,流體力學實習
綜合班,流體力學(一)
理學院,工程經濟
理學院,普通毒物學
理學院,環境與能源
理學院,環境與衛生用藥
理學院,空氣污染學
理學院,空氣污染學實驗
理學院,固體廢棄物
理學院,地下水概論
理學院,給水工程
理學院,機電防護
理學院,環境化學(一)
理學院,環境衛生學
理學院,環境毒物學概論
理學院,微生物學
理學院,微生物學實驗
理學院,噪音與振動實驗
理學院,噪音與振動
理學院,專題實作
理學院,專題討論(一)
理學院,水處理設計與施工(一)
理學院,畢業論文
理學院,綜合實習
理學院,熱處理技術原理與設計
理學院,環工單元操作實驗
理學院,環境影響評估
理學院,環境微生物
綜合班,材料科學導論(一)
理學院,材料科學導論實習(一)
理學院,材料熱力學實習(一)
綜合班,材料熱力學(一)
理學院,材料基礎實驗(一)
理學院,物理冶金學實習(一)
綜合班,物理冶金學(一)
理學院,有機化學
理學院,材料力學
理學院,金屬材料學
理學院,生醫材料
理學院,奈米科學概論
理學院,非破壞檢測
理學院,陶瓷材料製程與分析實驗
理學院,產學合作倫理
理學院,超硬材料與應用
理學院,太陽能電池技術
理學院,奈米能源材料合成應用實驗
理學院,材料分析
理學院,暑期專業實習
理學院,顯示器技術
理學院,鑄造學
理學院,光電綜論
理學院,普通物理實習(一)
理學院,近代物理
理學院,電磁學實習(一)
理學院,電磁學(一)
理學院,應用電子學(一)
理學院,應用電子學實驗(一)
理學院,色彩工程學
理學院,程式語言
理學院,光學設計概論實習
理學院,光學(二)
理學院,光學實驗(一)
理學院,光學設計概論
理學院,固態物理導論
理學院,專題研究(一)
理學院,液晶導論
理學院,電磁波
理學院,數位邏輯設計
理學院,LED封裝與量測專題實作
理學院,光纖光學專題實作
理學院,光學元件製作專題實作
理學院,太陽電池概論
理學院,光偵測器原理與應用
理學院,光纖通訊概論
理學院,光干涉與檢測概論
理學院,發光二極體原理與應用
理學院,電漿沉積技術
理學院,雷射加工專題實作
理學院,微光學元件與系統專題實作
理學院,顯示器專題實作
人社學院,文章寫作(一)
人社學院,文字學(一)
人社學院,文學概論(一)
人社學院,國學導讀
人社學院,台灣人文概論
人社學院,俗文學概論
人社學院,書法藝術創作
人社學院,中國文學史(一)
人社學院,詩選及習作(一)
人社學院,圖文編輯理論與實務
人社學院,歷代文選及習作(一)
人社學院,聲韻學
人社學院,古文字與出土文獻選讀
人社學院,文創構圖與平面設計
人社學院,史記
人社學院,文物管理
人社學院,漢字文化學
人社學院,佛學概論
人社學院,現代散文及習作
人社學院,經學概論
人社學院,中國文學史(三)
人社學院,中國思想史(一)
人社學院,詞選及習作
人社學院,中古中國與域外文化
人社學院,左傳
人社學院,桌遊文創設計
人社學院,中國思想史(三)
通識核心課,應用文
人社學院,文學批評
人社學院,多媒體文學與視覺傳達
人社學院,校外實習A組
人社學院,西洋文學概論(一)
人社學院,英語發音練習
人社學院,英文(一)
人社學院,英文作文(一)
人社學院,英文文法與修辭
人社學院,英語會話
人社學院,英文作文(三)
人社學院,語言學概論(一)
人社學院,第二外語(一)-日文
人社學院,第二外語(一)-法文
人社學院,第二外語(一)-德文
人社學院,第二外語(一)-西班牙文
人社學院,英國文學1600以前
人社學院,文學與地景
人社學院,英語語言史
人社學院,新聞英文閱讀
人社學院,散文選讀
人社學院,英語教學概論
人社學院,戲劇選讀
人社學院,英語辯論
人社學院,英文作文(五)
人社學院,筆譯概論
人社學院,第二外語(三)-日文
人社學院,第二外語(三)-法文
人社學院,第二外語(三)-德文
人社學院,第二外語(三)-西班牙文
人社學院,美國文學1865以前
人社學院,英國文學1800-1900
人社學院,兒童與青少年文學
人社學院,英詩選讀
人社學院,英語教學課程教材設計
人社學院,第二外語會話(一)-日文
人社學院,第二外語會話(一)-德文
人社學院,外語文專題
人社學院,英文媒體溝通
人社學院,畢業公演：演出與製作
人社學院,歐洲文學1350-1800
人社學院,英語教學實務
人社學院,日語聽力(一)
人社學院,口譯技巧演練
人社學院,筆譯技巧與習作
人社學院,商用英文
資電學院,物聯網入門
資電學院,R語言資料科學基石
資電學院,機器人簡介
綜合班,計算機概論與實習(I)
綜合班,計算機概論與實習(II)
資電學院,線性代數
資電學院,資電概論與倫理
資電學院,資料結構實習
資電學院,資料結構
資電學院,離散數學
綜合班,作業系統(一)
資電學院,產業實習導論
資電學院,專題產業實習
資電學院,電子學
資電學院,電子學實驗
資電學院,數位系統設計
資電學院,數位系統設計實驗
資電學院,物件導向設計
資電學院,物件導向設計實習
資電學院,軟體工程導論
資電學院,Web程式設計
資電學院,通訊與網路概論
資電學院,密碼學
資電學院,編譯器
資電學院,嵌入式系統導論
資電學院,資料庫系統
資電學院,數位影像處理
資電學院,社群網路APP開發與應用
資電學院,物件導向軟體工程
資電學院,使用者經驗設計
資電學院,網路程式設計
資電學院,網路程式設計實習
資電學院,安全程式設計
資電學院,資訊安全管理
資電學院,寬頻網路
資電學院,資料倉儲與資料挖掘
資電學院,人工智慧與深度學習
資電學院,資訊與網路安全
資電學院,計算機概論(一)
資電學院,計算機概論實習(一)
資電學院,普通物理-電、磁、光
資電學院,向量分析
資電學院,固態電子導論
資電學院,電子學(一)
資電學院,電子學實驗(一)
資電學院,電路學(二)
資電學院,電子學(三)
資電學院,電子學實驗(三)
資電學院,半導體物理
資電學院,電磁學(二)
資電學院,計算機結構學
資電學院,數位積體電路
資電學院,嵌入式系統
資電學院,數值方法與分析
資電學院,複變函數
資電學院,積體電路製程模擬
資電學院,超大型積體電路製程(一)
資電學院,半導體元件模型
資電學院,功率元件
資電學院,真空技術概論
資電學院,電子元件實務應用
資電學院,類比積體電路
資電學院,固態物理(二)
資電學院,電工實驗
資電學院,電力系統(一)
資電學院,電機機械 (一)
資電學院,控制工程(一)
資電學院,波動光學
資電學院,光學設計
資電學院,高頻電路概論
資電學院,電波實驗
資電學院,保護電驛
資電學院,光纖元件
資電學院,光電量測
資電學院,電磁波傳播
資電學院,線性控制系統(一)
綜合班,文明變遷
資電學院,人體生理解剖學
資電學院,生醫工程導論
資電學院,工程力學(一)
資電學院,可程式控制(含實驗)
資電學院,程式設計
資電學院,程式設計實習
資電學院,半導體原理
資電學院,光機電工程(一)
資電學院,工程圖學(含實習)
資電學院,醫學量測
資電學院,醫學影像系統
資電學院,電機機械
資電學院,數位信號處理
資電學院,微光機電製程原理
資電學院,機電元件模擬
資電學院,醫用電子
資電學院,油氣壓工程應用
資電學院,數位信號處理應用
資電學院,自動化系統設計
資電學院,高頻及微波電路概論
資電學院,計算機網路實習
資電學院,通訊協定與設計
資電學院,數位信號處理實驗
資電學院,工程數學－微分方程
資電學院,工程數學－機率論　　
資電學院,通訊系統
資電學院,通訊系統實習
資電學院,微處理機系統實習
資電學院,無線網路系統
資電學院,Android 程式設計
資電學院,射頻通訊積體電路設計
資電學院,行動通訊
資電學院,通訊科技專論
資電學院,電磁相容實習
資電學院,電磁相容導論
資電學院,高頻電路設計
資電學院,網宇實體系統與物聯網
建設學院,土木工程概論
建設學院,計算機程式設計
建設學院,計算機實習
建設學院,工程材料
建設學院,工程材料試驗
綜合班,水文學
建設學院,測量學
建設學院,測量學實習
建設學院,材料力學實習
建設學院,物業管理概論
建設學院,基礎工程
建設學院,結構學(二)
建設學院,鋼筋混凝土(一)
建設學院,土壤動力學
建設學院,鋼結構檢測
建設學院,中等土壤力學
建設學院,測量平差法
建設學院,畢業設計(一)
建設學院,工程資訊管理導論
建設學院,交通工程
建設學院,防震新科技
建設學院,岩石力學
建設學院,施工規劃及估價學
建設學院,高等結構學
建設學院,航空攝影測量
建設學院,基樁設計與施工
建設學院,混凝土配合設計
建設學院,鋼筋混凝土房屋設計
建設學院,營建財務概論
建設學院,邊坡穩定與擋土牆
建設學院,水利工程與資源保育概論
建設學院,河川生態學
建設學院,工程統計與軟體應用
建設學院,平面測量學實習(一)
建設學院,測量學(一)
建設學院,工程地質
建設學院,水污染防治
建設學院,明渠水力學
建設學院,明渠水力學實習
建設學院,流體力學試驗
建設學院,結構學
建設學院,土壤沖蝕原理與控制
建設學院,中等流體力學
建設學院,水土資源地理資訊系統應用
建設學院,施工估價與規範
建設學院,植生工程
建設學院,營建管理
建設學院,畢業專題研究
建設學院,水利與水土保持法規
建設學院,河川輸砂與觀測
建設學院,都市排水與模式應用
建設學院,運輸學
建設學院,計算機程式－VB
建設學院,計算機程式－VB實習
建設學院,海運規劃與管理
建設學院,管理數學
建設學院,運輸經濟
建設學院,公路工程
建設學院,公路監理法規與實務
建設學院,會計學
建設學院,運輸場站經營與開發
綜合班,公民視野
建設學院,交通法規與政策
建設學院,智慧型運輸系統
建設學院,運輸規劃
建設學院,運輸規劃實習
建設學院,交通肇事鑑定實務
建設學院,軌道交通電力工程
建設學院,軌道交通車輛工程
建設學院,國際貿易理論與實務
建設學院,港埠經營與管理實務
建設學院,捷運工程實務
建設學院,鐵道創意行銷
建設學院,公路改善方案評估
建設學院,物流系統設計
建設學院,高速鐵路工程與管理實務
建設學院,運輸計畫評估
建設學院,運輸企業實習
建設學院,運輸管理實務實習
建設學院,空間資訊概論
建設學院,網際網路地理資訊系統
建設學院,系統分析與設計
建設學院,空間資訊應用實務
建設學院,都市計畫與空間資訊實習(二)
建設學院,都市土地使用計畫
建設學院,電子地圖
建設學院,空間資訊庫規劃與設計
建設學院,航空攝影及遙感測量
建設學院,都市計畫與空間資訊實習(四)
建設學院,數值地形模型
建設學院,衛星大地測量
建設學院,程式設計(二)
建設學院,專業實務職場體驗實習
建設學院,都市計畫與空間資訊實習(六)
建設學院,地籍測量
建設學院,空間設計
建設學院,都市計畫概論
建設學院,製圖學
建設學院,都市環境調查
建設學院,計量經濟
建設學院,都市交通計畫
建設學院,建築計畫與設計
建設學院,國土及都市資訊系統
建設學院,計畫分析方法
建設學院,都市設計
建設學院,都市社會學
建設學院,專業實習(一)
建設學院,都市發展史
建設學院,都市計畫行政
建設學院,市中心計畫
建設學院,都市工程學
建設學院,衝突管理概論
建設學院,土地管理概論
建設學院,土地管理概論實習
通識核心課,中華民國憲法
建設學院,民法(一)
建設學院,會計學實習
建設學院,環境生態學
建設學院,土地經濟學(一)
建設學院,土地經濟學(一)實習
建設學院,休閒與遊憩理論與實務
建設學院,不動產市場分析
建設學院,民法物權
建設學院,建築製圖
建設學院,營建法規
建設學院,環境規劃與管理
建設學院,土地法(一)
建設學院,土地使用管制
建設學院,不動產估價
建設學院,計量分析實習
建設學院,計量分析
建設學院,不動產經紀法規
建設學院,遙感探測學
建設學院,遊憩資源規劃
建設學院,土地政策
建設學院,遊憩事業投資
金融學院,財務管理(一)
金融學院,財務管理(一)實習
金融學院,財務資訊系統
金融學院,保險法
金融學院,財務報表分析
金融學院,大陸金融與經濟分析
金融學院,共同基金
金融學院,固定收益型有價證券
金融學院,財務統計應用
金融學院,銀行法
金融學院,財務金融綜合研究
金融學院,金融產業專業實習導論
金融學院,金融實務(一)
金融學院,金融科技與大數據分析
金融學院,期貨與選擇權實務
金融學院,銀行實務
金融學院,人壽保險
金融學院,財產保險(一)
金融學院,再保險
金融學院,個人財務規劃
金融學院,人身保險經營與管理
金融學院,財產保險經營與管理
金融學院,壽險數學
金融學院,壽險數學實習
金融學院,社會福利與保險
金融學院,保險行銷
金融學院,財產保險(二)
金融學院,風險理財
金融學院,金融倫理
金融學院,風險管理與保險專題研討
金融學院,外匯實務
金融學院,保險產業專業實習導論
金融學院,壽險核保與理賠
金融學院,精算定價模型(一)
金融學院,機率論(一)
金融學院,交易機制與交易者行為
綜合班,精算實務與軟體(一)
金融學院,衍生性金融商品
金融學院,債券市場及應用
金融學院,數據分析軟體
金融學院,金融商品設計與開發
金融學院,風險模型
金融學院,財務時間序列分析
國際科技與管理學院,英文演講
國際科技與管理學院,創新專題(1)
國際科技與管理學院,消費者行為
國際科技與管理學院,溝通技巧(3)
國際科技與管理學院,創新專題(3)
國際科技與管理學院,力學
國際科技與管理學院,C結構化程式設計
國際科技與管理學院,解析幾何與微積分I
國際科技與管理學院,多變元微積分
國際科技與管理學院,電路學(一)
國際科技與管理學院,電子量測技術
國際科技與管理學院,商學微積分
國際科技與管理學院,商業統計
國際科技與管理學院,商業統計實習
國際科技與管理學院,C++程式語言
國際科技與管理學院,財務會計
國際科技與管理學院,亞洲藝術
國際科技與管理學院,商業程式設計概論
國際科技與管理學院,基礎物理(一)(含實驗)
國際科技與管理學院,數據分析
國際科技與管理學院,亞裔美國史(一)
建築專業學院,建築素描(一)
建築專業學院,建築與環境概論
建築專業學院,建築圖學(一)
建築專業學院,建築設計(一)
建築專業學院,藝術概論
建築專業學院,中國建築史
建築專業學院,電腦輔助設計(一)
綜合班,應用力學
建築專業學院,建築設計(三)
建築專業學院,建築物理
建築專業學院,江南城鄉建築與室內景觀賞析
建築專業學院,建築學專業英語
建築專業學院,環境心理學
建築專業學院,多媒材創作及技巧
建築專業學院,近代建築史
建築專業學院,建築計劃
建築專業學院,建築設計(五)
建築專業學院,計算機輔助設計
建築專業學院,陽宅形法大要
建築專業學院,景觀植物
建築專業學院,維也納都市與建築見習
建築專業學院,繪畫創作及技巧
建築專業學院,施工圖(二)
建築專業學院,敷地計劃
建築專業學院,建築設計(七)
建築專業學院,建築法規
建築專業學院,建築電腦表現法
建築專業學院,建築材料
建築專業學院,省能建築
建築專業學院,高效能建築實務
建築專業學院,海外深度實習(一)
建築專業學院,萊特建築學院實作學習
建築專業學院,綠建築專論
建築專業學院,數位環境分析與理論閱讀
建築專業學院,建築設計實習
建築專業學院,建築設計(九)
建築專業學院,療癒景觀理論與案例分析
建築專業學院,建築行政實務
學分學程,法律經濟學(一)
學分學程,公平交易法
學分學程,智慧財產權
學分學程,農村發展理論與實務
學分學程,景觀與遊憩概論
學分學程,系統工程方法
學分學程,創意設計與工程實作
學分學程,航空企業實務講座
學分學程,基礎航空器概論
學分學程,傳播概論
學分學程,影像應用創作(一)
學分學程,菁英口譯技巧
學分學程,菁英職場英語
學分學程,菁英英語聽講溝通技巧
學分學程,菁英英文閱讀及寫作
學分學程,創業入門
學分學程,創業實作
學分學程,水資源環境規劃實務
學分學程,華人社會與文化
學分學程,華語多媒體電腦輔助教學
學分學程,華語文教學導論
學分學程,漢語語言學概論
學分學程,短篇小說選讀
學分學程,俄文(一)
學分學程,越南文(一)
學分學程,越南文(二)
學分學程,英語能力檢定考試策略與技巧(一)
學分學程,漫畫日語
學分學程,韓文(一)
學分學程,韓文(二)
學分學程,韓文(三)
學分學程,日文(一)
學分學程,日文(二)
學分學程,網路日文
學分學程,日語會話
學分學程,日語語法
學分學程,西班牙文(一)
學分學程,西班牙文(二)
學分學程,英文閱讀(一)
學分學程,科技英文閱讀(一)
學分學程,英文寫作(一)
學分學程,法文(一)
學分學程,新聞英語閱讀
學分學程,法文(二)
學分學程,英語會話(一)
學分學程,泰語(一)
學分學程,法文(三)
學分學程,德文(一)
學分學程,德文(三)
學分學程,電子商務安全
學分學程,工業衛生
學分學程,工業安全衛生法規
學分學程,專案管理規劃與應用
學分學程,綠色能源概論
學分學程,生質能源
學分學程,生質能源模廠操作
學分學程,物聯網概論
學分學程,皮革成本管理
學分學程,皮革機械與輸送系統
學分學程,皮革產業專論
學分學程,企業流程實務與ERP應用
學分學程,成衣生產與物料管理
學分學程,成衣設計與時尚規劃和行銷管理
學分學程,鞋業製程與業務行銷專業英文
學分學程,鞋類流行與設計
學分學程,智慧軌道運輸概論
學分學程,軌道土木建設工程導論
通識核心課,心理劇與自我成長
通識核心課,音樂、語言與大腦
通識核心課,人生哲學
通識核心課,人造環境欣賞
通識核心課,中國文物欣賞
通識核心課,佛家思想
通識核心課,音樂欣賞
通識核心課,詩詞欣賞
通識核心課,西洋美術賞析
通識核心課,中國文化遺產及其藝術
通識核心課,紀實影像解析
通識核心課,日本歷史與文化
通識核心課,倫理價值與生命哲學
通識核心課,文學、電影DIY
通識核心課,古典小說
通識核心課,台灣文學
通識核心課,台灣民間信仰
通識核心課,生死與哲學
通識核心課,宗教與人生
通識核心課,音樂與人生
通識核心課,現代散文
通識核心課,當代文學閱讀與寫作
通識核心課,電影藝術專題講座　
通識核心課,領導的藝術
通識核心課,批判思考
通識核心課,性別與醫學倫理
通識核心課,旅遊與多元學習	
通識核心課,從風景繪畫看臺灣歷史
通識核心課,向儒道思想學情緒管理
通識核心課,倫理思維與社會正義
通識核心課,台灣環境與永續生活
通識核心課,阿拉伯世界：生活與經貿
通識核心課,世界音樂賞析
通識核心課,華語溝通(初級班)
通識核心課,土地關懷之旅
通識核心課,世界建築欣賞
通識核心課,生命科學
通識核心課,生活中之物理
通識核心課,皮膚保養醫學
通識核心課,第三波戰爭之科技武器
通識核心課,環境化學與環境生態
通識核心課,現代軍事學
通識核心課,科學傳播概論
通識核心課,生活中的毒化物
通識核心課,職業安全與衛生
通識核心課,實用營養學
通識核心課,國防科技與產業發展
通識核心課,創新綠色科技
通識核心課,系統品質建模與挑戰
通識核心課,全球暖化與綠色環境設計
通識核心課,奈米科技與生活
通識核心課,科學的發明與應用
通識核心課,殺蟲劑與生活
通識核心課,肇事科學鑑定實務
通識核心課,認識天然災害
通識核心課,衛星科技應用
通識核心課,營養與健康
通識核心課,環境資源保育探索專題
通識核心課,環境與公害
通識核心課,醫學與人生
通識核心課,化粧品科學與生活時尚
通識核心課,材料與生活
通識核心課,智慧城市與行動應用
通識核心課,智慧城市無所不在的監測系統
通識核心課,3D城市與數位校園
通識核心課,食品加工的秘密
通識核心課,行政學
通識核心課,政治學
通識核心課,國際關係
通識核心課,戀愛心理學
通識核心課,公民社會的政策參與
通識核心課,智慧財產之保護與實務
通識核心課,心理學整合與發展
通識核心課,教育的理論與實踐
通識核心課,經濟與生活
通識核心課,管理面面觀
通識核心課,大陸問題研究
通識核心課,台灣社會文化變遷
通識核心課,民法實用
通識核心課,投資與理財
通識核心課,服務學習專題
通識核心課,婚姻與家庭
通識核心課,新聞與媒體
通識核心課,綠色環境與經濟
通識核心課,性別教育與服務-學習
通識核心課,智慧城市競爭力
通識核心課,現代韓國社會和文化
通識核心課,居住與城市研究
通識核心課,時間管理專題
通識核心課,初階智慧型創新
通識核心課,觀光美儀與國際禮儀
通識核心課,空間資訊與智慧生活
通識核心課,專案管理基礎知識培養
通識核心課,消費行為與新產品企劃
通識核心課,從空間看世界
通識核心課,美好時光，社群聚場
通識核心課,圓一場藝術家的夢
通識核心課,社區文化感動行銷
通識核心課,智慧的天空之眼
通識核心課,智慧綠台灣
通識核心課,3D列印趨勢與應用
通識核心課,智慧定位-衛星導航
通識核心課,創業與創新
通識核心課,傳統藝術文化與技藝入門
通識核心課,繪本藝術
通識核心課,藝術、心靈與創造力
通識核心課,地理資訊系統應用到東南亞環境管理專題
通識核心課,劇場實務
通識核心課,iOS APP程式設計
通識核心課,社會企業實作專題
通識核心課,創業創意營運管理
通識核心課,智慧生活與大數據物聯網應用
通識核心課,創意思考與文創產品設計
通識核心課,探討在台日商管理之文化差異問題
通識核心課,歌舞劇實作：夢想。夢?想!
通識核心課,飛簷走跳東南亞
通識核心課,菊島創業家：服務設計實作
通識核心課,探險小尖兵-尋找「原」鄉的感動 部落文化深度探尋之旅
通識核心課,教學與學習專題-運算設計
通識核心課,旅遊學習深呼吸
通識核心課,跨界社會創新實務
體育選項課,體育－武術
體育選項課,體育－流行熱舞MV
體育選項課,體育-彼拉提斯
體育選項課,體育－健康與塑身
體育選項課,體育－手球
體育選項課,體育－太極十八式
體育選項課,體育－攀岩
體育選項課,體育－民俗體育
體育選項課,體育－瑜珈
體育選項課,體育－強力塑身
體育選項課,體育－飛輪有氧
體育選項課,體育－羽球進階
體育選項課,體育－飛盤
體育選項課,體育－桌球
體育選項課,體育－軟式網球
體育選項課,體育－硬式網球
體育選項課,體育－國術(太極拳)
體育選項課,體育－排球
體育選項課,體育－游泳
體育選項課,體育－籃球
體育選項課,體育－爵士韻律流行舞
體育選項課,體育－高爾夫球
體育選項課,體育－防身術
體育選項課,體育－羽球
體育選項課,體育－階梯有氧運動
體育選項課,體育－韻律舞蹈
體育選項課,體育－適應體育班
綜合班,公民素養
綜合班,公民素養(法律知能)-資訊理論簡測
綜合班,公民素養(社會知能)-實際參訪報告
綜合班,英文-自我介紹檔案
綜合班,計算機概論與實習(III)
綜合班,計算機概論與實習(IV)
綜合班,文明史
綜合班,文明史-資料蒐集報告
綜合班,微積分(二)實習
綜合班,微積分(二)
統籌科目,大一英文(一)初級
統籌科目,大一英文(一)中級
統籌科目,大一英文(一)中高級
統籌科目,大一英文(一)高級
統籌科目,大一日文(一)
統籌科目,英文(一)初級
統籌科目,英文(一)中級
統籌科目,英文(一)中高級
統籌科目,大二進階日文(一)
統籌科目,英文能力檢定
軍訓,全民國防
軍訓,國防政策
軍訓,防衛動員
通識中心,教學學習實務(二)
通識中心,體育(二)
統籌科目,大學國文(二)
通識中心,溝通表達技巧(二)
綜合班,經濟學(二)
綜合班,經濟學(二)實習
通識中心,台灣社會與文化
工學院,普通化學(二)
工學院,普通化學實驗(二)
綜合班,普通物理(二)
工學院,普通物理實驗(二)
工學院,纖維複合材料概論
軍訓,全民國防教育軍事訓練(二)
綜合班,工程數學(二)
工學院,織品製程(二)
工學院,電腦輔助工程繪圖(二)
工學院,複合材料學
工學院,纖維化學(二)
工學院,纖維材料學
工學院,織品製程實習(二)
工學院,紗線製程實習(二)
工學院,人造纖維工程(二)
工學院,高分子加工
工學院,機動學
工學院,材料力學(二)
工學院,高分子物理
工學院,複合材料實習(一)
工學院,複合材料力學
工學院,纖維物理(二)
工學院,纖維整理製程(一)
工學院,智慧紡織品
工學院,纖維與高分子材料實習
工學院,高等工程數學(二)
工學院,有機光電材料概論
工學院,成衣設計與製程(二)
工學院,綠色能源材料概論
工學院,學期校外專業實習(一)
工學院,學期校外專業實習(二)
工學院,學期校外專業實習(三)
工學院,纖維製品評估
工學院,工廠加工實務(二)
綜合班,工程圖學(二)
工學院,工程材料學(二)
工學院,工程材料學實驗
工學院,電工學
工學院,熱力學(二)
工學院,機動學(二)
工學院,專題實作(二)
工學院,熱傳學
工學院,機械製造(二)
工學院,機械設計(二)
工學院,機械工程實驗(二)
工學院,非破壞性檢驗
工學院,流體動力學
工學院,陶瓷材料學
工學院,控制系統(二)
工學院,新製造技術
工學院,智慧機械整合技術
工學院,電腦輔助機械設計-ANSYS
工學院,電腦輔助設計
工學院,雷射工程導論
工學院,數值分析
工學院,機電整合
工學院,鑄造學與CAE應用
工學院,奈米材料與奈米元件概論
工學院,新科技之進化與應用(二)
工學院,電腦輔助設計軟體在工業4.0上的應用
工學院,精密機械設計與製造實務
工學院,精密模具設計與製造
工學院,熱處理與自動化設備
工學院,齒輪幾何設計
工學院,工業會計學
工學院,應用程式設計
工學院,創新與研發管理
綜合班,工程統計(二)
綜合班,工程統計(二)實習
工學院,資料庫設計
工學院,可靠度工程
工學院,全球運籌管理
工學院,自動生產系統
工學院,人因工程實驗
工學院,人因工程
工學院,作業研究(二)
工學院,專案管理導論
工學院,品保制度與管理
工學院,製造系統工程
工學院,製造技術專題
工學院,工業自動化
工學院,品質機能展開
工學院,下世代產業發展概論
工學院,套裝軟體
工學院,有機化學實驗(二)
工學院,物理化學(一)
綜合班,單元操作(一)
工學院,尖端材料概論
工學院,高分子化學概論
工學院,化學反應工程
工學院,物理化學實驗(二)
工學院,專題研究與實作(一)
工學院,單元操作(三)
工學院,儀器分析
工學院,界面活性劑應用
工學院,高分子電子材料
工學院,單元操作實驗(二)
工學院,化學工業安全
工學院,奈米材料模擬
工學院,觸媒化學
工學院,航太英文
工學院,MATLAB語言與應用
工學院,LabVIEW程式語言與應用
工學院,航太材料學
工學院,電腦輔助工程-NASTRAN
工學院,綠能科技與產業應用
工學院,系統工程與管理
工學院,飛具設計(一)
工學院,飛行力學(一)
工學院,航太工程實驗
工學院,航太專題與實作(二)
工學院,熱流實驗
工學院,噴射推進
工學院,飛航管制學
工學院,飛機操作及通話程序
工學院,控制實驗(二)
工學院,火箭推進原理與設計
工學院,航太專案管理與整合
工學院,航空氣象與天文學
工學院,工程材料學
工學院,系統設計概論與工程倫理
工學院,電路電子學
工學院,控制系統
工學院,電腦輔助設計製圖
工學院,工具機系統設計實務
工學院,機構學
工學院,工具機原理與設計
工學院,電腦輔助工程分析
工學院,精密傳動系統
工學院,精密數控加工
工學院,精密系統設計
工學院,精密系統設計專題實作
工學院,熱流學
工學院,電腦輔助模流分析
工學院,精密模具設計與製造(二)
工學院,工業設計
工學院,學年校外專業實習(四)
工學院,學年校外專業實習(五)
工學院,學年校外專業實習(六)
商學院,創新管理與企業家精神
商學院,跨國企業策略與文化
商學院,電子商務與大數據
商學院,學術寫作與商業報告
商學院,套裝軟體-EXCEL
綜合班,會計學(二)
綜合班,會計學(二)實習
商學院,公司及票據法
綜合班,中級會計學(二)
綜合班,中級會計學(二)實習
商學院,成本與管理會計(二)
商學院,成本與管理會計(二)實習
商學院,租稅法
綜合班,統計學(二)
綜合班,統計學(二)實習
綜合班,高等會計學(二)
商學院,高等會計學(二)實習
商學院,會計資訊系統(一)
商學院,審計學(一)
商學院,政府會計
商學院,商業會計法
商學院,租稅規劃
商學院,綠色會計實作專題
商學院,企業評價
商學院,企業實習
商學院,管理資訊系統
商學院,商業軟體應用(一)
商學院,管理與統計
綜合班,管理科學
綜合班,管理科學實習
商學院,人力資源管理個案研究
商學院,公共關係
商學院,休閒事業管理
商學院,行銷管理個案研究
商學院,企業電子化
商學院,管理心理學
商學院,管理英文
商學院,企業倫理與社會責任
商學院,企業管理專題研究(二)
商學院,人力資源發展
商學院,文化創意經營策略
商學院,企業資源規劃實務(二)
商學院,投資組合管理
商學院,作業管理個案研究
商學院,財務管理個案研究
商學院,資訊管理個案研究
商學院,職場英文
商學院,產業與競爭分析
商學院,行銷企劃實務
商學院,企業管理實務
商學院,企業管理專業實習
商學院,投資管理實務(二)
商學院,流通管理
商學院,綠色企業與創業
商學院,職場實務
商學院,國際貿易與經營導論
商學院,國際貿易實務(二)
商學院,國際貿易實務(二)實習
商學院,全球化經濟與貿易分析
商學院,服務行銷
商學院,商業英文簡報
商學院,商用英文會話(二)
商學院,國際農產物流管理
商學院,總體經濟學
商學院,大陸與東協經貿法
商學院,大中華與全球政治經濟
商學院,商業溝通
商學院,國際貿易法
商學院,國貿英文(二)
商學院,WTO與兩岸經貿
商學院,貨物運輸保險實務
商學院,跨國經營文化溝通
商學院,跨文化領導
商學院,財報分析實務
商學院,大陸與東協台商管理實務
商學院,大陸與東協台商資金管理
商學院,海外實習導論
商學院,面試英文
商學院,國際廣告策略
商學院,國際市場開發與管理
商學院,國際企業併購
商學院,專業實習
商學院,國際付款條件個案討論
商學院,國際企業概論
商學院,英語聽講訓練
商學院,國際觀與全球視野
商學院,國際金融市場與投資
商學院,亞太經貿專題
商學院,英文專業書報研讀
商學院,產業與策略管理個案研討
商學院,財稅概論
商學院,租稅原理
商學院,租稅法(二)
商學院,個體經濟學(二)
商學院,記帳相關法規
商學院,所得稅理論與制度
商學院,財政學(二)
商學院,管理會計實習
商學院,大陸租稅
商學院,土地稅
商學院,租稅實習
商學院,統計資料分析
商學院,資料庫管理
商學院,線性代數(二)
商學院,多變量分析
商學院,統計預測方法
商學院,統計預測方法實習
商學院,應用數理統計學(二)
商學院,應用數理統計學(二)實習
商學院,保險數學
商學院,機器學習
商學院,個體經濟學(二)實習
商學院,總體經濟學(二)
商學院,總體經濟學(二)實習
商學院,行為經濟學
商學院,資料探勘
商學院,金融操作實務
商學院,家計經濟學
商學院,貨幣銀行學(二)
商學院,賽局與經濟
商學院,實證方法與應用
商學院,合作經濟學
商學院,心理學
商學院,合作經濟思想史
商學院,專案管理
商學院,合作與非營利事業法規
商學院,社會資本
商學院,非營利與合作事業綜合研究(一)
商學院,服務業管理
商學院,社會企業實務(二)
商學院,國際企業文化
商學院,綠色營造與社區永續
商學院,公司財務
商學院,社會事業經營管理專業實習
商學院,行銷意象工程
商學院,行銷印象與形式展現
商學院,影像創作與視覺行銷
商學院,品牌與時尚學
商學院,產品設計與定價策略
商學院,敘事視覺化
商學院,茶道與生活空間之美
商學院,視覺傳達與品牌識別
商學院,虛實通路與超媒體設計
商學院,化妝品設計與風格
商學院,行銷研究與田野調查
商學院,品牌設計與行銷企劃
商學院,品牌設計與行銷企劃實習
商學院,日本企業美文化與行銷
商學院,服務流程與葡萄酒禮儀
商學院,品牌識別設計
商學院,通路全球化管理
商學院,網頁設計與內容行銷
商學院,品牌行銷企業實習
商學院,策略行銷管理
商學院,世界市場與中國社會
商學院,國際企業專題
商學院,國際行銷管理
商學院,大中華公司治理
商學院,資訊管理
商學院,留學與國際文化專題研討
理學院,線性代數(二)實習
理學院,分析導論
理學院,高等微積分(二)
理學院,高等微積分(二)實習
理學院,統計學
理學院,統計學實習
理學院,數值分析(一)
理學院,數值分析(一)實習
理學院,微分方程(二)
理學院,複利數學
理學院,演算法分析
理學院,離散數學實習
理學院,物件導向設計(二)
理學院,數理統計(二)
理學院,數學軟體
理學院,多媒體進階應用
理學院,專業實習(二)
理學院,統計專題
理學院,數學與金融企業實務
理學院,模擬專題
理學院,普通化學實驗
理學院,環境工程概論
理學院,環境生物學
理學院,工程數學(二)實習
理學院,水質分析
理學院,水質分析實驗
理學院,環境土壤學
理學院,大氣環境導論
理學院,生物統計
理學院,防火防爆
理學院,風險評估
理學院,環境變遷與永續發展
理學院,生態學
理學院,污水工程
理學院,有害廢棄物管理
理學院,毒化物管理概論
理學院,廢棄物處理與土壤污染實驗
理學院,儀器分析實驗
理學院,環境化學(二)
理學院,工業與環境毒物學
理學院,綠色工程
理學院,廢棄物資源化技術概論
理學院,環境專業實習
理學院,環安衛管理實務
綜合班,材料科學導論(二)
理學院,材料科學導論實習(二)
理學院,材料熱力學實習(二)
綜合班,材料熱力學(二)
理學院,材料基礎實驗(二)
理學院,物理冶金學實習(二)
綜合班,物理冶金學(二)
理學院,金屬加工與熱處理
理學院,高分子材料學
理學院,X光繞射原理
理學院,光電材料學
理學院,先進光學鍍膜實驗
理學院,奈米粉體製程實驗
理學院,智能薄膜製程與量測實驗
理學院,微電薄膜之生長及分析實驗
理學院,微電子製造技術
理學院,薄膜技術
理學院,特殊合金
理學院,透明導電氧化物薄膜製程實驗
理學院,綠色能源材料
理學院,儲能材料及元件
理學院,航空材料學
理學院,機能性表面處理
理學院,基礎光電工程數學
理學院,普通物理實習(二)
理學院,光學(一)
理學院,電磁學實習(二)
理學院,應用電子學(二)
理學院,應用電子學實驗(二)
理學院,分子光譜模擬與分析
理學院,光電數值方法
理學院,科學儀器學
理學院,量子力學導論
理學院,光學實驗(二)
理學院,光電半導體元件導論
理學院,雷射與光子學導論
理學院,光顯示器概論
理學院,光纖元件與應用概論
理學院,光學鍍膜概論
理學院,微處理器系統
理學院,全像原理與應用
理學院,固態照明技術
理學院,雷射加工原理與應用
人社學院,文章寫作(二)
人社學院,文字學(二)
人社學院,文學概論(二)
人社學院,唐代文化概論
人社學院,四書
人社學院,文化創意理論與實務
人社學院,現代文學導讀
人社學院,語言學概論
人社學院,中國文學史(二)
人社學院,詩選及習作(二)
人社學院,簡報設計理論與實務
人社學院,歷代文選及習作(二)
人社學院,神話與傳說
人社學院,國畫藝術創作
人社學院,現代小說及習作
人社學院,陶謝詩
人社學院,應用修辭學
人社學院,中國思想史(二)
人社學院,曲選及習作
人社學院,日本漢學
人社學院,宋明理學
人社學院,訓詁學
人社學院,應用美學
人社學院,禮記
人社學院,篆刻藝術創作
人社學院,唐代石刻文獻
人社學院,文心雕龍
人社學院,廣告文案
人社學院,西洋文學概論(二)
人社學院,英語聽講練習
人社學院,英文(二)
人社學院,英文作文(二)
人社學院,文學作品導讀
人社學院,字彙與閱讀技巧
人社學院,電腦輔助英語學習
人社學院,英語演說
人社學院,英文作文(四)
人社學院,語言學概論(二)
人社學院,第二外語(二)-德文
人社學院,第二外語(二)-西班牙文
人社學院,第二外語(二)-日文
人社學院,第二外語(二)-法文
人社學院,英國文學1600-1800
人社學院,小說選讀
人社學院,英文成語與修辭策略
人社學院,英語教學教法
人社學院,新聞英文寫作
人社學院,英文作文(六)
人社學院,口譯概論
人社學院,高階英文
人社學院,第二外語(四)-日文
人社學院,第二外語(四)-法文
人社學院,第二外語(四)-德文
人社學院,第二外語(四)-西班牙文
人社學院,美國文學1865以後
人社學院,英國文學1900以後
人社學院,女性作家選讀
人社學院,句法學
人社學院,西洋文化史
人社學院,畢業公演：名劇導讀與劇場實務
人社學院,第二外語會話(二)-日文
人社學院,第二外語會話(二)-德文
人社學院,語言與文化
人社學院,英美文學專論
人社學院,旅遊英文
人社學院,莎士比亞
人社學院,國際事務英文
人社學院,歐洲文學1800以後
人社學院,口譯應用
人社學院,筆譯應用
人社學院,商用英語會話
人社學院,實用日語
人社學院,中英會展口譯
資電學院,Python程式設計與應用
資電學院,MATLAB程式設計概論
資電學院,普通物理-電、磁、光實驗
資電學院,邏輯設計實習
資電學院,系統程式
資電學院,計算機演算法
資電學院,人工智慧概論與實務
資電學院,校外專業實習(寒)
資電學院,校外專業實習
資電學院,微處理機系統
資電學院,數位信號處理導論
資電學院,UNIX應用與實務
資電學院,行動應用程式開發
資電學院,組合數學
資電學院,互連網路
資電學院,作業系統(二)
資電學院,雲端應用系統開發
資電學院,軟體品質保證與軟體測試
資電學院,系統安全
資電學院,計算機概論(二)
資電學院,計算機概論實習(二)
資電學院,電子學(二)
資電學院,電子學實驗(二)
資電學院,電子材料
資電學院,積體電路導論
資電學院,超大型積體電路設計工具應用
資電學院,半導體元件
資電學院,奈米應用概論
資電學院,金氧半元件
資電學院,量子物理
資電學院,超大型積體電路設計導論
資電學院,介面設計
資電學院,信號與系統
資電學院,數位信號處理晶片應用
資電學院,超大型積體電路製程(二)
資電學院,元件可靠度概論
資電學院,半導體實驗與量測
資電學院,半導體工程
資電學院,積體電路元件模擬
資電學院,感測元件
資電學院,電子電路設計實務
資電學院,微波元件
資電學院,能源轉換
資電學院,幾何光學
資電學院,色彩學
資電學院,電波工程概論
資電學院,電力系統 (二)
資電學院,電機機械 (二)
資電學院,電力電子
資電學院,電磁干擾概論
資電學院,光電工程
資電學院,光纖工程
資電學院,基礎光電實驗
資電學院,工業配電
資電學院,基礎科技英文
資電學院,紅外線工程
資電學院,微波積體電路導論
資電學院,天線原理
資電學院,工程力學(二)
資電學院,量度工程
資電學院,光機電工程(二)
資電學院,生醫信號處理
資電學院,臨床工程
資電學院,伺服控制(含實驗)
資電學院,油氣壓控制工程
資電學院,校外專業實習(暑一)
資電學院,科技英文
資電學院,光機電系統設計
資電學院,系統模擬
資電學院,機械人工學
資電學院,生醫工程專論
資電學院,醫療器材專論
資電學院,自動光學檢測
資電學院,非線性控制系統
資電學院,最佳化理論
資電學院,通訊原理與應用
資電學院,消息理論與編碼
資電學院,高頻及微波電路實習
資電學院,嵌入式系統設計
資電學院,電信交換工程
資電學院,影像處理導論
資電學院,JAVA程式語言
資電學院,通訊電子學
資電學院,數位通訊系統
資電學院,數位通訊系統實習
資電學院,數位濾波器
資電學院,天線工程導論
建設學院,計算機程式－FORTRAN實習
建設學院,計算機程式－FORTRAN
建設學院,工程倫理
建設學院,土壤力學
建設學院,土壤力學試驗
建設學院,地形測量
建設學院,地形測量實習
建設學院,結構學(一)
建設學院,住宅健診
建設學院,混凝土品質控制與檢驗
建設學院,鋼筋混凝土(二)
建設學院,大地測量
建設學院,非破壞檢測概論
建設學院,建築物檢測科技
建設學院,飛灰混凝土
建設學院,量測系統學
建設學院,電腦在土木工程之應用
建設學院,鋼結構設計
建設學院,中等基礎工程
建設學院,智慧城市與土木工程
建設學院,工程爭議調解仲裁實務
建設學院,工程測量
建設學院,土木專業實習
建設學院,公路設計
建設學院,耐震設計
建設學院,施工學
建設學院,預力混凝土橋樑設計
建設學院,平面測量學實習(二)
建設學院,測量學(二)
建設學院,集水區經營
建設學院,數值分析與微分方程解析
建設學院,水域環境生態保育
建設學院,水土保持工程
建設學院,鋼筋混凝土學
建設學院,工程基本規劃設計
建設學院,生態工程與環境營造
建設學院,波浪力學
建設學院,河工與防洪
建設學院,坡地穩定與崩坍治理工程
建設學院,坡地保育規劃與設計
建設學院,灌溉與排水工程
建設學院,水文分析與模式應用
建設學院,工程專業實習
建設學院,水處理工程與設計
建設學院,地下水與模式應用
建設學院,車輛碰撞學
建設學院,車輛碰撞學實習
建設學院,物流概論
建設學院,經濟學實習
建設學院,電腦圖學
建設學院,大眾運輸系統學
建設學院,作業研究實習
建設學院,空運規劃與管理
建設學院,物流規劃與管理
建設學院,軌道工程
建設學院,視窗程式
建設學院,視窗程式實習
建設學院,交通肇事分析與鑑定
建設學院,地理資訊系統
建設學院,運輸保險
建設學院,運輸資料分析
建設學院,駕駛行為
建設學院,專題研究
建設學院,智慧物流
建設學院,運輸安全
建設學院,公路養護
建設學院,市區道路工程規劃設計
建設學院,軌道交通客運與業務管理
建設學院,軌道交通營運管理
建設學院,航空安全管理
建設學院,鐵路經營與管理實務
建設學院,鐵路運轉調度理論與實務
建設學院,交通績效分析
建設學院,航空站規劃與設計
建設學院,運輸企業深度實習
建設學院,都市計畫與空間資訊實習(一)
建設學院,空間資訊建置方法
建設學院,地圖學
建設學院,測量平差學
建設學院,都市計畫與空間資訊實習(三)
建設學院,程式設計(一)
建設學院,地景規劃與調查
建設學院,工程測量學
建設學院,都市防災規劃
建設學院,全球定位系統
建設學院,空間資訊分析方法
建設學院,國土及區域計畫
建設學院,都市計畫與空間資訊實習(五)
建設學院,都市經營管理
建設學院,市政學
建設學院,都市及區域計畫法規
建設學院,土地法
建設學院,城鄉風貌設計與模擬
建設學院,都市經濟學
建設學院,都市財政分析
建設學院,住宅問題與政策
建設學院,計畫理論導論
建設學院,都市更新
建設學院,環境規劃與設計
建設學院,民法(二)
建設學院,公營遊憩資源
建設學院,建築概論
建設學院,坐標幾何
建設學院,坐標幾何實習
建設學院,土地經濟學(二)
建設學院,土地經濟學(二)實習
建設學院,地理資訊系統實習
建設學院,區域與都市計劃
建設學院,不動產投資
建設學院,休閒遊憩行為
建設學院,住宅計劃
建設學院,測量平差
建設學院,測量平差實習
建設學院,行政法
建設學院,土地法(二)
建設學院,土地登記
建設學院,不動產估價實務
建設學院,研究方法
建設學院,土地利用法規
建設學院,不動產企劃與行銷
建設學院,民營遊樂區經營管理
建設學院,物業管理
建設學院,景觀設計
建設學院,衛星定位測量
建設學院,土地管理實習
建設學院,不動產經營管理
建設學院,公產管理
建設學院,強制執行法
建設學院,遊憩體驗行銷
金融學院,財金概論
金融學院,財務管理(二)實習
金融學院,財務管理(二)
金融學院,政治經濟學
金融學院,財務金融數量方法
金融學院,金融機構經營與管理
金融學院,金融時事導讀
金融學院,財富管理
金融學院,投資組合分析
金融學院,金融產業專業實習
金融學院,金融商品行銷策略
金融學院,金融與人生
金融學院,財務風險管理
金融學院,區塊鏈實務與應用
金融學院,就業準備與職場倫理
金融學院,銀行外匯業務
金融學院,證券交易法
金融學院,風險管理
金融學院,保險會計
金融學院,企業風險管理
金融學院,投資型保險
金融學院,保險實務
金融學院,保險監理
金融學院,財產保險(三)
金融學院,年金保險
金融學院,保險產業專業實習
金融學院,退休金規劃
金融學院,產險核保與理賠
金融學院,壽險醫學
金融學院,壽險保單設計
金融學院,員工福利規劃
金融學院,財務工程與精算導論
金融學院,財務數量方法
金融學院,精算定價模型(二)
金融學院,機率論(二)
金融學院,財務工程應用
金融學院,精算實務與軟體(二)
金融學院,金融創新
金融學院,預測分析
金融學院,數理統計
國際科技與管理學院,商業應用統計
國際科技與管理學院,創新專題(2)
國際科技與管理學院,英文寫作
國際科技與管理學院,商業資訊管理
國際科技與管理學院,商事法概論
國際科技與管理學院,溝通技巧(4)
國際科技與管理學院,高等C程式語言
國際科技與管理學院,MATLAB程式設計
國際科技與管理學院,基礎電磁學
國際科技與管理學院,解析幾何與微積分II
國際科技與管理學院,常微分方程
國際科技與管理學院,電子元件與設計實驗
國際科技與管理學院,電子電路分析與設計
國際科技與管理學院,商業電腦套裝軟體
國際科技與管理學院,中階漢語
國際科技與管理學院,亞裔美國史(二)
建築專業學院,表現法
建築專業學院,電腦輔助設計概論
建築專業學院,建築圖學(二)
建築專業學院,建築設計(二)
建築專業學院,建築賞析
建築專業學院,西洋建築史
建築專業學院,電腦輔助設計(二)
建築專業學院,建築構造
建築專業學院,建築設計(四)
建築專業學院,台灣建築史
建築專業學院,室內設計風格
建築專業學院,景觀概論
建築專業學院,建築結構系統
建築專業學院,建築設備
建築專業學院,建築設計(六)
建築專業學院,施工圖(一)
建築專業學院,現代建築史
建築專業學院,永續建築
建築專業學院,建築環境模擬評估
建築專業學院,計劃書寫作
建築專業學院,高效能建築
建築專業學院,3D設計軟體之應用
建築專業學院,建築設計(八)
建築專業學院,都市設計概論
建築專業學院,都市計劃學
建築專業學院,建築數位傳達
建築專業學院,法規實務
建築專業學院,海外深度實習(二)
建築專業學院,當代建築
建築專業學院,綠建築實務
建築專業學院,建築設計(十)
建築專業學院,建築趨勢論
學分學程,法律經濟學(二)
學分學程,刑法概要
學分學程,地政士實務
學分學程,導遊與領隊實務
學分學程,智慧製造
學分學程,飛航實務概論
學分學程,傳播與社會
學分學程,影像應用創作(二)
學分學程,菁英英語演講及簡報
學分學程,菁英學術英語
學分學程,菁英英語專題討論
學分學程,菁英中外文化議題討論
學分學程,事業創新
學分學程,坡地環境保育
學分學程,專業倫理與職場知能
學分學程,華語教學實習
學分學程,華語教材教法
學分學程,華語語音學
學分學程,華語口語與表達
學分學程,英語能力檢定考試策略與技巧(二)
學分學程,美語發音練習
學分學程,商用日語
學分學程,韓文(四)
學分學程,觀光日語
學分學程,日語短劇
學分學程,日語讀解
學分學程,英文閱讀(二)
學分學程,科技英文閱讀 (二)
學分學程,英文寫作(二)
學分學程,英語會話(二)
學分學程,泰語(二)
學分學程,法文(四)
學分學程,美國短篇小說導讀
學分學程,德文(二)
學分學程,德文(四)
學分學程,工業安全
學分學程,工程類專案管理理論與實務
學分學程,管理類專案管理理論與實務
學分學程,氣態生質能技術創意實作
學分學程,生質氫能與應用
學分學程,氣態生質能源生產與產業管理
學分學程,生質柴油與能源作物
學分學程,物聯網感測電路設計
學分學程,皮革污水處理
學分學程,皮革生產管理
學分學程,皮革製造
學分學程,鼎新電腦專業實習
學分學程,流體傳動產業與知識管理
學分學程,成衣材料及後處理加工
學分學程,成衣品質管理與供應鏈管理
學分學程,鞋類產業行銷通路
學分學程,鞋類產業專題講座
學分學程,智慧城市與軌道發展實務
學分學程,軌道機電系統導論
學分學程,軌道營運與管理
學分學程,航空工業製造概論(一)
通識核心課,希臘羅馬神話故事與西洋藝術
通識核心課,電影與性別
通識核心課,科學行銷概論
通識核心課,地方自治
通識核心課,住宅問題研究
通識核心課,社會形象創造專題
通識核心課,飲食文化概論
通識核心課,卓越領導力
通識核心課,專利撰寫實務
通識核心課,劇場實務(二)
通識核心課,美好時光，社群聚場(二)
通識核心課,培育3D設計夢想號學生大使
通識核心課,聲音表達與訓練
通識核心課,鑽石寶石及翡翠玉石之賞析鑑定
通識核心課,介紹台灣
通識核心課,性別與新飲食文化探索
通識核心課,彩排與公演
通識核心課,社會學習參與專題:新移民互動平台
通識核心課,APPS基礎實作
通識核心課,APPS中階實作
通識核心課,影像製作實務
通識核心課,找錢大作戰-公益募資
通識核心課,地方創生：新社實地踏查
通識核心課,社會偵探學
通識核心課,Swift語言與iOS App 設計初探
通識核心課,無人機的應用及想像
通識核心課,歌舞劇實作: 歌舞青春3 畢業季
通識核心課,新美，從心開始
通識核心課,國小孩童課後學習研究調查
通識核心課,獨立研究-跨域微學分課程(一)
通識核心課,跨國界創新極限實戰
通識核心課,APPS應用專題製作
通識核心課,獨立研究-跨域微學分課程(二)
通識核心課,就業軟能力微學分
體育選項課,體育－墊上核心
統籌科目,大一英文(二)初級
統籌科目,大一英文(二)中級
統籌科目,大一英文(二)中高級
統籌科目,大一英文(二)高級
統籌科目,大一日文(二)
統籌科目,英文(二)初級
統籌科目,英文(二)中級
統籌科目,英文(二)中高級
統籌科目,大二進階日文(二)
