teacher_course,dcardDept,rate,markMethod,score,remark
#課程 #104上 詹授合 阿拉伯世界-生活與經貿,通識,5/5 分,我記得是只有一個上臺報告+期末一張A4心得，老師人超好，上課也很鼓勵同學發言，上課的內容都很有趣!,只有上臺報告+期末A4心得而已,這門課滿像演講，不用考試，老師常常跟我們分享他去阿拉伯工作的見聞，偶爾也會邀請一些在國外工作的人分享他們的趣事
#課程 #104上 林賢治 中華民國憲法,通識,5/5 分,期中期末背多分，且分數很甜，出席會依簽到表為準，老師很可愛！,期中期末都是申論題，老師會在考試前一兩堂課透露題目！沒有報告。,
#課程 #104上 王祥齡 文學電影DIY,通識,5/5 分,沒有期中期末考,看影片討論、上臺報告,
#課程 #104上 忘了抱歉 通識-毒化物,通識,5/5 分,期中末各30%，作業出席20%,作業為每週找一篇與毒化物有關新聞，每週繳交即可。,不難，可以不去上課，最後一節繳交作業兼點名即可。
#課程 #105上 何麗齡 實用營養學,通識,5/5 分,出席很重  期中期末考的很基本  有在聽  絕對穩穩過,期中還有多選  期末改全單選,人真的很好
#課程 #105上 林賢治 國際關係,通識,5/5 分,期中期末各占50%，每堂必傳點名單，老師會看出席加扣分，上課會請同學印講義，考前一週很傳題目給同學拍，考試都是申論題寫越多分數越高，認真上課可以學到很多國際的事件。,考試是申論題，期中３題考６０分鐘，期末５題考９０分鐘，寫越多分數越高,不用什麼基礎，人來就好，老師人很好，都是第二節上課才傳點名單 ，偶爾會直接點名
#課程 #105上 黎淑慧 行政學,通識,5/5 分,非常寬鬆,沒什麼作業,給分都很高
#課程 #105上 王祖淼 儒道思想學情緒管理,通識,5/5 分,聽老師講人生大道理，出席率不用太高沒關係，總共4個作業，用點心寫就有80分左右，老師人其實很好，雖然有點老頑固，就是上課不能吃東西滑手機穿夾腳拖。,作業就發揮各位一點用心以及假掰的能力就可以hold住了,就聽老師講一些儒道思想，他也會問同學們哪裡有問題還有感想，所以要認真聽喔
#課程 #105上 陳奕靜 智慧城市與行動應用,通識,5/5 分,期中分組報告,期中-地圖分析,壓力不大，上課蠻輕鬆，老師人很好，可以學到東西，分組組員很重要
#課程 #105上 陳俊卿 經濟與生活,通識,5/5 分,期中期末考,沒作業,有點類似高中的公民，但是更難更深
#課程 #105上 何麗齡 營養與健康,通識,5/5 分,期中期末各30%，平時成績40%，上課有聽就會了，考前一堂課會複習，真的很簡單,考試都選擇，有單選和二選，多選不一定,只要認真聽就會了，考前老師的複習一定要聽，回去看一看就90幾了
#課程 #105上 盧韋聿 世界音樂文化,通識,5/5 分,出席率占很高，但都是傳簽到單，期中考是每次上次ppt上的三個問題，最好在老師上傳到唉愣後就趕快下載下來，因為他期中考前就會關掉(我考前2天要上去看他就關掉了)。期末考是分組報告，easy。上課很鬆，他講他的，同學做自己的事都沒差，廢課一節。,期中考是聽力題目跟每次上課ppt上的三個問題，一模一樣所以好好準備一定能高分。期末是分組上臺報告15min。沒有作業。,廢課一節，唯一有趣的是每節老師上課穿的衣服都很特別。
#課程 #105上 楊裕仁 生涯規劃,通識,5/5 分,1.出席發表與討論 40%(幾乎每次都會看電影，會規定哪個年級要寫心得),期中考時只考了5題左右，都是申論題，題目會在考前一到兩個星期先說，讓同學回家自己思索,老師會點人回答看了電影有甚麼啟發?然後延伸到做人處世的道理和自己的生涯應該如何規劃
#課程 #105上 楊郁仁 生涯規劃,通識,5/5 分,心得記得交，出席率佔分比率偏高，有期中考和期末報告（小組合作）,三題申論題，考前會提前公佈題目,上課第一節課看電影，第二節課討論電影心得
#課程 #105上 賴奇厚 食品衛生與安全,通識,5/5 分,出席30,其實沒有考到期中考因為那次剛好被非核家園的活動取代掉了,"老師會跟你說自己以前出國留學的事,還會安排實驗課程,上過之後都覺得非常有趣,總成績大家也都給很高,推"
#課程 #105上 葉美玲 智慧城市與實物分析,通識,5/5 分,沒有考試 ，有時上課寫心得 ，期末會有個分組小報告 ，但是報告會利用上課時間完成 ，老師人超好的最後還會送每個人一些東西 。,上課完成心得作業 ，期末分組報告上課時會完成,爽過～出席率不要太低 ，老師人很好
#課程 #105上 李允中 臺灣政治經濟發展,通識,5/5 分,沒有特別說明 但全勤 期末考有考 作業有教 學期分數拿96,作業有去校外教學 然後交心得報告 建議用全英文比較好喔,老師上課超好玩的啦 但是是全英文上課
#課程 #105上 紀文章 紀錄片製作,通識,5/5 分,老師上課分享作品,期末影片報告,拍攝技巧
#課程 #105上 李建成 電影藝術專題講座,通識,5/5 分,沒有考試，期中期末各收一次課堂心得報告，外加課外讀物，每節課會點名，但是座位上有人就好。,會邀請導演來分享，基本上作業有交出席狀況不差一定有80，但是心得千萬不要複製貼上，老師真的會抓。,
#課程 #105上 劉南英 民法實用,通識,5/5 分,期中期末+小考1~2次，還有點名吧,考試從課本出，沒作業,考前畫重點+open book
#課程 #105上 吳珮瑄化妝品科學與生活時尚,通識,5/5 分,每堂課都會簽名點名。期中期末考前會有各有一次小考，小考考33題，期中期末的50題考題其中的33題跟前一次小考一模一樣，所以分數很好拿，幾乎背一背就好。,全部多選題，小考一題3分，共33題，答錯一個全錯。期中期末50題，一題2分，答錯一個全錯,老師都會跟著時事一起講，每次上課內容都很豐富，也很實用，就算是沒有化妝品基礎或是化學底子的人來上課，老師都可以講的很清楚，讓你可以很容易理解我們在上什麼
#課程 #105上 邵祖威多元文化,通識,5/5 分,報告70趴,有一個小作業 但是課堂上回答問題就可以抵銷,老師是歷史老師 也會跟我們說說世界觀
#課程 #105上 潘才學心理學整合與發展,通識,5/5 分,期中期末考、期末報告、平時作業、點名,期中期末都問答題，都考些上課講過的，但憑自己的想法寫也會高分，有2、3次心得作業，一開始會分組，期末要分組拍大概2、3分鐘的影片上台報告。期中前每次點名，第二節去也可補點，接近學期末就幾乎沒再點。,老師人很好，也很認真準備PPT上課內容，常會分享生活瑣事，會點名請同學回答問題會加分，到後來他會常點一些比較認識的同學。課程是比較麻煩一點，但可以從老師身上學到東西，每次上課上完都會有同學留下來跟老師聊天。
＃課程 #105上 楊裕仁 生涯規劃,通識,5/5 分,只要交報告跟心得就好 讚,有看影片心得都很簡單,老師人很好！，還可以補點名 早到點名再加分
＃課程 #105上 葉怡巖 生命科學,通識,5/5 分,上課抄筆記寫學習單,作業就是寫學習單,老師的板書很漂亮，PPT內容也很豐富，老師會講很多關於逢甲的八卦，如果對生物很有興趣的人一定要修，老師說他每次都會很用心的準備上課內容，是個很認真的老師，胖胖的很可愛
#課程 #103上 黃圻文生命的藝術,通識,4/5 分,基本上有交作業老師都OK,上課會看影片寫心得(3~5個)也有閱讀心得，外加寫書法上台分享,老師很有趣
#課程 #104上 楊美美應用文,通識,4/5 分,期中期末考、作業,考題是上課的講義會放在ilearn，他會講要她考的題型，選擇大概5題，幾乎都是問答，PPT內容超多根本背不完，突然會有上課作業大概兩次，下課前要教，他會給你範本可以模仿那個寫，其中一次是書信的格式,老式上課很無聊，幾乎沒人在聽，台下睡一遍，可是作業有教，考試前讀一下，基本上會過。點名幾乎隨機抽點，很少點全班。
#課程 #105上 王祥齡 文學、電影、DIY,通識,4/5 分,沒有考試,沒有考試,"基本上組員很重要，以上作業都是分組進行，一組約會有25~30人，""自行分組""，所以不用太擔心，但你分到很雷的你就自求多福啦～，上課不能穿拖鞋不能吃喝，基本上是可以爽過的課，會點名是寫簽到單"
#課程 #105上 金尚浩 現代韓國社會和文化,通識,4/5 分,期中考30% 期末考 40% 平時表現 30%,期中考期末考都只有1題，自由發揮很簡單，限500字,上課內容頗多元，有看韓國連續劇、電影，聽韓國流行歌，介紹韓國體育飲食政治等等，但是有時候都聽老師在說話有點無聊。，老師剛開學會說上課規矩，但其實上課不太管，傳簽到單，但有時候點名認一下人
#課程 #105上 林賢治 國際關係,通識,4/5 分,每堂課都點名，出席率佔分數蠻多，其餘則是看期中考與期末考成績！（老師於考前會公布考試題目讓同學回去準備）題目皆是申論題,考試皆為申論題,不難，有上課 考前有準備，都可以很容易通過
#課程 #105上 戴瑞坤 中國文物欣賞,通識,4/5 分,平時(口頭報告、出席、書面)30%,考前會給一份講義，考題從講義上面出，寫越多越多分,上課幾乎老師都很認真在講解中國文物的東西，書、畫、紙鎮，有很多奇怪的東西，老師也會帶自己的收藏讓大家欣賞，上課可以睡覺玩手機，不要吵到別人就好，老師看中出席，最好每堂課都到
#課程 #105上 彭妙卿 詩詞欣賞,通識,4/5 分,加分的點很奇妙 不加小數點 一次作業,考8，10個技巧,上課很無聊 認真聽學到蠻多 考試都考筆記啊
#課程 #105上 黃圻文生命的藝術,通識,4/5 分,期中期末紙本報告有認真打基本上分數會很高,沒有考試,上課很輕鬆看看影片而已，書法作業記得分享、期中期末報告有交有認真做一定穩過
#課程 #105上 劉文甦 衛星科技應用,通識,4/5 分,上課抄筆記，分數輕鬆拿,考試帶自己手寫的筆記，從上課內容出題，一部分填空，一部分簡答,基本上絕對輕鬆拿高分過
#課程 #105上 朱文祺 創新綠色科技,通識,4/5 分,上課蠻多加分機會的,考前會勾題目給你回家看,手機不要拿起來滑就好
#課程 #105上 劉杜鎮 醫學與人生,通識,4/5 分,出席每次必簽到佔很重有時會抽點回答問題,期中報告很簡單寫為什麼想選這門課,上課就是講醫學相關的知識 然後會穿插老師出去國外旅遊的照片和小故事
#課程 #105上 經觀榮 人生哲學,通識,3/5 分,上課舉手回答會加分,考試都是手寫（一定考課堂看的影片簡介和心得）、作業也是影片簡介心得、1500字遺書,基本上想認真聽課有點難（聽不懂他在說什麼 講話不太清楚）沒關係多半時間放影片
#課程 #105上 黎淑慧 行政學,通識,3/5 分,老師上課講自己的人生史，考試按照老師所講的寫認同老師的看法分數會高,申論題，有二個報告,不能吃早餐，要買書
#課程 #105上 黃登煌 倫理道德與生命哲學,通識,3/5 分,沒有考試，期中和期末都是交報告，內容是回答老師出的問題，答案從老師給的PPT找，這很重要，他不要自己回答的，一定要照他的PPT寫。還要記得排版。整學期只點4次名，期中前兩次，期中後2次，會算入平常成績。應該算好過，但成績不甜。,作業是申論，總共出10題,老師的規矩就是上課不要聊天，抓到會扣分。
#課程 #105上 吳秀英 應用文,通識,3/5 分,期中考差可以補考，期中考前會給考題和答案，期末考自傳，考試可以直接抄，有一篇閱讀心得，一定要交，每堂必點。,期中考公文，會提前給答案，期末考自傳，網路上找的到內容，作業是一篇閱讀心得。,會印很多講義，可是不太需要，老師上課常說自己的事，考試的東西記得抄，考試要到，很好過。
#課程 #105上 潘才學 性別教育與服務-學習,通識,3/5 分,心得報告很多，每節幾乎都有，佔分數很多，期初常點名，期末幾乎沒在點，期末有專題報告，其實不難，小組很重要，老師人其實不錯，作業都交應該都能過。,都是報告，幾乎每節都有心得反思要寫，還有小組專題報告。,就是講性別相關的事情，老師人蠻和藹可親的。
#課程 #105上 楊美美 文學與生活,通識,3/5 分,其中期末佔的重 然後給分有點嚴格 一次報告 兩次作業,考試都神論 考試前都會給 作業兩次回家賞析文章 一次分組報告,給分的有點嚴格 要拿高分很難 但上課可以耍廢 很涼
#課程 #105上 蔡曉伶 西洋文學與文化,通識,3/5 分,期中期末給題庫很簡單只是要記得去拍提款，出席佔蠻重,有期中期末報告，考試給題庫選擇題佔90%,老師人蠻好的只是很愛點名，上課做其他事不會管
#課程 #105上 黃智瑛 音樂與人生,通識,2/5 分,平時30%期中30%期末40%,期中期末都是考聽曲子還有一些上課教過的音樂知識，期末交一份個人的音樂報告,我覺得還是稍微有音樂基礎或是對古典樂有很大熱忱的，比較適合選這門通識
#課程 #105上 梁煌儀 古典文學,通識,1/5 分,期中佔40%,全部問答題,要勤勞抄筆記
#課程 #105上 黎淑慧 行政學,通識,1/5 分,要買老師自己寫的書 然後好多論文煩死人 每節必點,小組報告 申論題,老師脾氣急躁
#課程 #105上 滿肇怡 投資與理財,通識,1/5 分,期中期末各50%，非本科系相關之學生一定要熟讀課本,考試都是選擇題22題總分110，很多都是課本裡面很細的內容，例如年份啦，表格裡面其中一項啦等等...,對非相關科系的學生難易度大概是中等，老師都幾乎照課本念，大概期中考前兩節課加起來只上一節課，放假都算準準的，點名是形式上的點名而已
#課程 #105上 李元璋 人生哲學,通識,1/5 分,給分數的時候都隨便看一下就給很低的分數，如果寫很多(3000字以上那種)，他才會認真看，我覺得學不到東西，分數還很低，很後悔選這門課,都是個人報告,建議不要選
#課程 #105上 陳秀文 應用文,通識,1/5 分,出席10，作業10，期中期末各40,每堂簽到，交一份作業（這學期是讀書心得），期中考講義背一背照抄，期末考open book。,看似很輕鬆但上課真的很無聊老師很喜歡碎碎唸，基本上考前兩個禮拜去聽考試重點就好而且要交作業， 但不推薦給想賺學分的人因為老師有點難搞。
#課程 #105上 羅珮瑩 新聞與媒體,通識,1/5 分,期中報告+期末考試 考試上課沒聽就完全不會寫 上課舉手有機會加分 老師主觀意識非常嚴重 不食人間煙火,期中報告是一篇新聞 老師主觀意識非常嚴重 除非寫到跟他的想法一樣 不然不會高分  期末考試有選擇題考時事 簡答題是上課內容 申論題是上課的講義,老師常常批評社會批評學生 上課真的專心聽會越聽越火大
#課程 #104下 楊裕仁 教育理論與實踐,通識,5/5 分,各佔幾趴雖然忘了 但是期中期末都只考三題左右 都是手寫問答 考前一兩個禮拜會公布題目 題目幾乎都是自由發揮 寫自己的想法 沒有特定答案 很好發揮 老師上課活潑,會有小組報告 考試為手寫問答題 大概三題,老師會利用影片 再讓我們提出自己的心得想法 不古板的上課方式
#課程 #104下 李舒亭 美好時光社群劇場,通識,5/5 分,參與度高常出現有貢獻就輕鬆拿分,期末公演,交朋友玩團康的課，來放鬆減壓力的
#課程 #104下 劉南英 民法實用,通識,5/5 分,忘了分數怎麼算,考前畫重點都考重點的openbook申論題,
#課程 #104下 吳元豐 倫理思維與社會正義,通識,5/5 分,沒有期中考，筆記加分用，但好像只加一點點，期中交，期末考印象中佔了40%，不難考，有寫有分，最後一題是上課心得電影心得,考試有選擇題跟申論題，題目老師都會提示，不難找，容易理解，作業就是看電影的心得而已，其實基本上是沒作業,當你認真上課聽老師講話時，你會對從古至今的倫理道德一個認知，並相互串連起來，你會被老師給震撼到，或許會改變你一生的想法也說不定
#課程 #104下 楊裕仁 教育理論與實踐,通識,5/5 分,考試非常簡單，都是自己的心得，考前都會告訴每一題的題目，上課是看影片，一學期大概寫個兩三次心得!!沒去上課還可以用其他課補課，老師人非常好也非常好過成績又高,問答題，全部都是自己的看法與心得,老師超級好!!!!!!!選就對了
#課程 #104下 只有這一位 材料與生活應用,通識,5/5 分,50%期中 50%期末,看你印的資料了喔 很簡單,像是生活的化學之類的 不錯有趣
#課程 #104下 何麗齡 營養與健康,通識,5/5 分,期中考，閱讀報告，期末考,MC，填空題，簡答題（寫出五個很多看不到油的食物），長答題（肥胖會引起甚麼疾病），都很簡單,上課都在滑手機，老師很善良，認真聽可以學到知識和老師會分享在醫院的故事
＃課程 #104下 彭瑞芝 觀光美儀與國際禮儀,通識,4/5 分,沒有期中期末考,,滿好玩的可以學到很多東西
#課程 #104下 葉怡嚴 智慧財產權,通識,3/5 分,期中期末出席,選擇+簡答,老師上課都會舉例子，可以學到東西的課，考試寫越多越完整 分數越高
#課程 #104下 陳上元 智慧綠臺灣,通識,2/5 分,普通分數不太會當人,報告一直報告,不難但報告盡量要到
#課程 #104下 黎淑慧 行政學,通識,1/5 分,上課不知道在上什麼 狂買書 考試考申論（課本內容）有分組報告 基本上有交都會過,全部申論題,上課都在講有關自己的事 覺得自己很厲害 浪費時間的課
#課程 #104下 李元璋 人生哲學,通識,1/5 分,出席很重感覺分數都是用老師對學生的感覺來打的也喜歡叫學生來發言,上課會發一本莊子叫我們回去要寫心得跟一些自己的想法  而且常常上臺報告,老師很奇怪
#課程 #105上 張子揚 國際關係,通識（社會）,5/5 分,會發一張出席卡，有去就蓋一格章。期中期末前有總複習跟重點提示。老師有開兩個班，可以換班上課（兩班內容一樣），輕鬆又可以學到東西推推～,名詞解釋*多題,老師會放新聞報導然後解說世界情勢。
#課程 #105上 楊裕仁 教育的理論與實踐,通識(社會),5/5 分,期中考：25%,期中考三題問答，考前會講題目，沒標準答案盡量寫就對了。,上課就是講孩子的教育，老師會播電影，然後大家一起討論。有時候會點人，會不會點到就看運氣囉～
#課程 #105上 張峰碩 居住與城市研究,通識（英文授課）,5/5 分,整學期一個報告而已，會一步步帶你做，主要是訪問，常常可以提早下課，英文授課也不會太難懂。,英文報告 三分鐘,英文基本就夠用
＃課程 #105上 潘才學 心理學整合與發展,通識S,5/5 分,期中考25%,1.考試：ilearn有上課PPT，但還是要去上課才比較知道重點在哪裡,1.老師人很好、上課不無聊，2.可以學到東西、有趣，3.看似活動作業很多但其實不難
#課程 #105上 黃登煌 倫理價值與生命哲學,通識人文,2/5 分,作業佔50%,期中，期末都是繳報告，題目是申論題,報告評分，沒有一個標準，期中報告全班只有不到10個及格
＃課程 #105上 黃志偉 氣候變遷對臺灣之衝擊,通識自然,5/5 分,10%出席+20%作業,期中跟期末報告都是分組做一份,大推!!!
#課程 #104下學期 袁維勵 奈米科技與生活,通識-自然,4/5 分,沒有期中期末，上課分組做實驗一定要到，之後還要寫實驗報告,作業是每次課堂上的筆記，打在ilearn上，老師都會設一個期限,教授各種化學相關東西，上課會看影片跟一些資料
#課程 #105上學期 林賢治 國際關係,通識-社會,5/5 分,有期中跟期末,考試都是申論題，寫的有回答到老師的問題都滿高分的，沒有作業,上課用的講義要自費，老師會選同學幫大家印。老師上課會加入時事議題配合課程內容，認真上課能學習到很多知識
#課程 #105上 馬彥彬 資訊化社會,通識-社會,4/5 分,出席率-傳簽到表,期中有規定主題,老師人很好 想槓麻就槓麻，只有不要吵到上課就好
＃課程 #105上 蔡振志 社會學與生活體驗,通識-社會,4/5 分,"群組學習:自主自願, 每組7至10人為原則.","期中考是申論題,老師會提前給題目,當天考試可以帶自己找的資料去","老師上課蠻有趣的,會分享一些故事，而且很好過!! 推"
#課程 #105上 張瑞芬 現代散文,通識課,5/5 分,點名會先提醒 考期末而已,幾乎沒作業 有的話就心得而已 有一個小組報告 期末考考上課補充講義跟幾題申論題,老師人好
#課程 #105上 王祥齡文學、電影、DIY,通識課,5/5 分,一個學期4個報告,報告 影片要繳,好過（90分哦），有時候也可以翹
#課程 #105上 蔡宜宏智慧財產之保護與實務,通識課,4/5 分,1.有期中考跟期末考,1.沒有作業,老師上課是用PPT，會舉例子說明各個法律的規定，上課一定要帶小六法，因為他會畫重點，解釋名詞是考他上課講過的重點，考試OPEN BOOK
#課程 #105上 潘才學 心理學整合與發展,通識課程,4/5 分,做好學生的義務老師都不會為難的,期中考、期末考 、心得、情境模擬,有時會比較難理解但仔細聽過應該就可以明白了，你不知道如何回答問題時老師會引導你，挺不錯的老師
#課程 #104下 張漢威 肇事科學鑑定實務,通識課程,3/5 分,"有期中考跟期末考,還有期末報告,考試內容幾乎都是上課的東西,其實很好過,老師也不太當人,但是你如果是男生的話分數從60起,女生80起,字漂亮的話更加分,老師上課很喜歡找正妹互動,看你喜不喜歡囉","全部都是申論題,畫圖題,大概四到五題,可以先寄給他考試的某幾題,一定會寫滿考卷正反兩面","nctu,但我覺得如果你是一個守交通規則的人,基本上是用不到這一門課的知識"
#課程 #105學年上 何麗齡 實用營養學,通識選修,5/5 分,期中期末各30%,考試是單選,生活的營養分配，攝取多寡
#課程 #105上 宋明弘 初階智慧型創新,通識選修,4/5 分,沒期中末考,沒考試,教你如何創新和技巧
#課程 #103下 余老師，真名忘了抱歉 智慧財產權,通識選修,4/5 分,一個月點名左右，沒有作業，考試只要對老師的申論提出質疑或辯論的感覺，寫越多分數越多，不需有法律底,申論題,不需基礎，全理科也沒問題
#課程 #104下 開課老師 認識天然災害,通識選修,4/5 分,出席都用簽到的，作業分數佔比較重，但是作業很簡單上網查一查就可以查到答案，作業內容越多分，分數越高,考試會提前給題目都是申論題。作業則是跟他上課有關的題目，上網都查得到,
#課程 #102上 王婉倫 統計學(一),統計學系大一必修,5/5 分,1. 平時成績 30%  (小考和課堂參與),期中期末都是是考計算題和選擇題，幾乎都是課本習題和老師講過的題目,老師會有自己製作的講義，老師上課很認真都會把該上的地方上好上玩，如果趕課的話，有問題的話老師會用其他時間來回答學生的問題，如果心情不好還可以找老師聊天談談心，完全就是位天使
#課程 #102上 林彩玉 微積分(一),統計系大一必修,5/5 分,成績分配 : 期中考 30% 、期末考 30%、平時成績 40%,考試基本上都是計算題；會有一本題庫，只要把題庫上的題目做完也懂，不管小考會考期中考期末考幾乎都會80分以上,老師會用自己的講義上課，會一題題解答，哪一題跟哪一題類似也會馬上跟大家，要大家融會貫通，如果有數學基礎的人，不想上課看老師的講義就可以自學；老師嘴巴比較賤一點，但幾乎都是開玩笑
#課程 #102上 張漢威 肇事科學鑑定實務,運管系通識,5/5 分,分數基本上只要你上課有在聽，筆記都有抄，沒有九十也有八十，老師上課很幽默風趣，根本不會想翹課，重點是課程內容跟生活習習相關，因為有上過這門課，出車禍的時候才不會被別人佔便宜！！大推！,考試基本上都考車禍鑑定，圖該怎麼畫之類的～如果上課有在聽，考試一定畫得出來！,老師有兩個雙胞胎小孫子，上課很喜歡講他們的故事～如果這門通識沒搶到，也可以去修運管系上的選修，也是張漢威老師開的課，內容更多（因為一週三堂課）兩門我都有修過，真的超推！！
#課程 #103上 陳至還 貨幣銀行學,經濟,5/5 分,期中期末各佔 35%、平時佔 30%,"考試考選擇題為主,加小量計算題",點名很重要，全出席基本就可以過
#課程 #103上 高夢定 計算機概論,都資系大一必修,5/5 分,期中期末各佔30%,都在電腦教室,老師人很nice，不會兇學生，用稱讚代替嚴格的好系主任
#課程 #103上 楊美美 國文（一）,大一必修,5/5 分,有分組作業跟個人的作文，都要交,忘記惹,我上課偶爾會睡覺～考試什麼的也是亂掰就會過了，真的是大佛
#課程 #103上 許義忠貨幣銀行學,會計系選修,5/5 分,上課認真聽，圖表很重要，老師不會為難你,無作業，考試為選擇、名詞解釋、半申論題,不需要有基礎，老師上課淺顯易懂
#課程 #103上、下 林暘桂 作業研究,工工系必修,5/5 分,看老師怎麼評，每學期都不一樣，不過都是以考試次數分配比重,多練習題&筆記題目，大概都會及格,老師教的超好，但是上課不能滑手機，要抄筆記
#課程 #104上 李元恕 行銷管理,行銷學系必修,5/5 分,上課回答問題加分,沒有作業，考試全選全英,老師人很好，上課很有趣不會睡著
#課程 #104上 顏秀吉 都市計畫,運管系選修,5/5 分,有去就過了,申論open book,就是上課就過了
#課程 #104上104下 許慧雯 會計學（一）,會計系必修 財稅系必修,5/5 分,期中期末應該是各佔30%,考試差不多10題選擇題,照著課本上  講課用心 很好吸收
#課程 #105上 吳東憲 初級會計學,財務金融系大一必修,5/5 分,期中期末各佔30%、,考題在上正課時，大致上都有講到,專心上課，弄懂主要單元的題型，就差不多了
#課程 #105上 劉宗欣 國際金融學,國際貿易系,5/5 分,點名只點幾次。不過佔分高。讓同學carry一下爽拿分。期中期末有選擇題題庫。75分選擇題有背多分。剩下25分靠努力,期中期末都是75分選擇題。其他是名詞跟深論。佔分不高,上課輕鬆有趣。表定六點其實都六點半才上課。晚餐慢慢吃看其他人急著去上課爽爽der
#課程 #105上 陳宏賓 微積分 商,商學院必修,5/5 分,小考60分起跳,沒有作業,老師上課很用心 沒在用課本 上課抄筆記就ok
#課程 #105上 黃正一 羽球,大二體育,5/5 分,老師沒有明說，或我漏聽,大概就是期末會有筆試，內容是上課教過的東西，難度還好，有一次體測，測試對規則的熟悉度,老師很認真，人也不錯，可以學到不少東西
#課程 #105上 王雅慧 英文閱讀,應外外語學程,5/5 分,期中期末各30%平時40%,老師上過的內容！只會出五題沒教過！,老師人很好！也很好聊！很可愛的一個老師！
#課程 #105上 林明洵 兒童文學,外文選修,5/5 分,出席、期中報告、期末繪本,期中是上臺報告(老師會有指定故事)，期末則是做一本兒童繪本,老師人很好，每次上課前都要先預讀一則故事，故事不會太長也都很有趣，上課時老師則是會和大家討論故事中的含義
#課程 #105上 林震燦 微積分,經濟系必修,5/5 分,期中期末各30% 會考10%助教30%,沒有 助教會出作業,講的很詳細會把過程推導 但很容易睡著就是了
#課程 #105上 曾柏興 海運經營與管理,運管大二必修,5/5 分,老師人超好不多說,期中期末考,不多說 柏興就是棒
#課程 #105上 劉樹澤 行為科學,企管系大二選修,5/5 分,"出席很重要,每節必點,但是上課可以做自己事老師幾乎不管",考題都是前面一半 超簡單填空,"這堂課像是管理心理學,其實都是很簡單的常識,不用基礎,只要考前照講義背一背一定好過,講義是老師自己編的，老師是個退休的老阿伯,人很好,不過講話很濃厚腔調容易聽不懂,不過其實看講義也沒差"
#課程 #105上 徐培晃 大一國文,大一必修,5/5 分,分數不會太為難，只要作業有寫，學習單有交分數都蠻高的，蠻看重出席的，上課主動發言有加分~~,作業跟考試大一國文都一樣，所以差不了多少，只是上課學習單比較多。,上老師的課可以學到滿多東西的，也不會太無聊，聽不懂的話，老師都會換個方法再解釋一變。
#課程 #105上 林宗志 大一上微積分,電子工程學系必修,5/5 分,很會教，傳說中的逢甲好老師，只要你去上課就有分數，上課不可以看手機跟睡覺，只要紮紮實實的上課就能吸收很多！！,期中考會自己出題，題目比其他系的微積分來的難一些，但有讀書就會喔！！,不怕你不會！只怕你不要啊！
#課程 #105上 陳青文 編譯器,資訊工程系選修,5/5 分,期中期末各20%，兩次小考各15%，作業跟出席共30%,考前有大猜題，以是非題跟問答計算題為主,這堂課主要在學怎麼有linux打出自己一套的小程式，能學到的東西還蠻多的，老師也很用心備課跟教學
#課程 #105上 張景星 籃球 張景星,大二選修,5/5 分,點名到 基本就會過,上籃,不用基礎 老師會教
#課程 #105上 鄭佩玉 高等會計學,會計學系必修,5/5 分,期中40%,考題就是考古題做熟一點,上課難度100%艱深，但老師教的很好
#課程 #105上 黃喚堂 室內裝潢設計,室內設計選修,5/5 分,期中開講義考  照抄,x,非常簡單     點名=簽到
#課程 #105上 林彩玉 微積分,商學必修,5/5 分,期中期末不及格但不要太慘,沒什麼作業,老師會問妳問題，所以要有大心臟，問問題一定要回答，不知道就答不知道
#課程 #105上 張雪玉 漫畫日語,日語學分學程選修,5/5 分,期中考30%,讀兩篇漫畫，老師上課會帶我們看一次，期中期末都是考單字+句子翻譯,我認為先上過基礎、進階還有日語語法再來選修比較好，老師上課會分析句子，所以需要懂一點文法
#課程 #105上 林立謙 線性代數,必修,5/5 分,上課只要聽得懂,考試題型全給你,可惜聽不太懂他在講什麼，雖然不會可以問他，但不是重點一樣會過
#課程 #105上 林倖如 消費者保護法,法律經濟學程,5/5 分,期中35 期末35 平時30,"期中考可帶法典及資料,考試易。",基礎消費者所遇到糾紛及消保法含義，會舉案例讓同學深入瞭解。
#課程 #105上 吳如娟 作業管理,企管系大三必修,5/5 分,平時作業40%,每堂上課有個人或整組的學習單，邊聽課邊完成40分get~,老師棒棒，自己思考在這門課很重要，會以ㄧ個產品或服務貫串整學期課程
#課程 #105上 張漢威 交通肇事科學,運管系 選修,5/5 分,考上課教的考試可以看手機跟筆記 老師會教五個車禍範例自己寫四個,考上課教的考試可以看手機跟筆記 老師會教五個車禍範例自己寫四個然後作業是其中期末各一篇心得,介紹發生車禍時善用法律知識讓自己不吃虧，實際車禍也可以打電話給老師求助
#課程 #105上 林國貴 使用者經驗設計,資工系,5/5 分,開書考 要做簡單報告 輕鬆,開書考 簡單報告,
#課程 #105上 張育瑋 應用數理統計（一）,統計系必修,5/5 分,上課舉手會加分,給題庫，但考題偏多,老師人很好
#課程 #105上 林慧洙 商用英文會話,國貿系系選修,5/5 分,出席:不要太多次缺課 2-3次還ok,沒有考試呦～,每次一開始是播英文影片 ex:誰是接班人，後來就每個人唸一小段課本裡的會話（課本很便宜 200元搞定）順便點名，然後就開心下課了~
#課程 #105上 盧裕山 太極（體育）,體育選修,5/5 分,只要都有去 有期中 就是上課內容 我當堂才學會 80過沒有期末 最後90分,考上課有打過的,很不像想像中的太極老師很有趣認真想學太極就要私底下再問老師
#課程 #105上 伍昱睿 策略管理,企管系選修,5/5 分,一次作業(題目自訂、可複製貼上)+一次上臺報告(上學期是東協的國家中挑一國來介紹)，報告結束會問大家意見給分，都是85分↑再+報告互評，不點名，評分方式超free，老師人又好又有料，目前是大陸一間知名企業CEO，喜歡把滿滿的資料跟同學分享，超推！！,不考試,老師是大陸一間很有規模的企業的CEO，人在一線的他會直接跟我們分享要怎麼賺錢、怎麼彈生意、怎麼面對客戶還有尋找新通路，以跳脫性的思維在教學，很適合未來打算從商的你來修課！！
#課程 #105上 陳立安 國文,大一選修,5/5 分,期中期末有一定比例,考試就基本選擇和寫作,上課方式有趣，淺而易懂，互動多，不無聊而且可以真的吸收到東西
#課程 #105上 廖重宏 民法概要,經濟大二選修,5/5 分,一節課都不去都會過,期中期末都是出簡單的回家功課,老師人超好也很會教
#課程 #105上 李文傳 個體經濟學,商學院,5/5 分,期中30%期末40%平時30%,選擇33題,雖然老師有時候感覺好像是想講冷笑話，但是都不太好笑，可是人真的很好
#課程 #105上 洪英雪 國文,國文綜合班,5/5 分,國文的評分方式是全校統一，不過平常分數老師真的不會太刁難，會抽籤回答，但回答不出來就換下一個，回答出來就加分，平常作業成績跟期中期末寫作分數也都給的挺高，上課內容跟方式很多元,10題選擇，配合題20分(期中),上課內容及教材多元、老師人很好且分數都給挺高、回答問題都會加分
#課程 #105上 劉士民 大學國文(一),畢業門檻,5/5 分,平時成績(課堂討論、學習單)、期中、期末、作業成績,考試都是國語文教學中心出的,老師叫你們預習就真的要看一下，會抽問，回答不出來就扣分，但你都有看不知道怎麼回的話，老師會引導你(就是問你基本問題，有正解的那種，有看就會知道答案的)，不會扣你分，還會幫你加分，有時候舉手搶答也會加分，答錯好像也會，踴躍發言就對了，他作文分數打的很甜，尤其是段考的作文，例如題目叫你寫300字，你只要寫到300字的那一行也算你300，超讚
#課程 #105上 林盈萱 日文一,應日必修,5/5 分,要期中期末考，老師很注重出席率，幾乎每節課都會點人起來回答問題，但是老師教學上真的很認真，她還會額外補充一些文化上的知識。,"期中是考填充題居多，要背熟每個單字，還有看得懂基礎片語與文法，期末比較簡單，考選擇題，但是要了解比較深入的文法觀念，比如說:過去肯定,否定，結尾就會不一樣。",老師人很好，超有耐心，上課又有趣，會有獎徵答加平時分
#課程 #105上 徐慧敏 銀行實務,財金選修,5/5 分,期中期末各50,40題選擇,"老師是講實務不是無聊的理論, 非常充實完全不會想睡, 大推～"
#課程 #105上 簡正儀 財務報表分析,財務金融學系必修,5/5 分,課堂小組題目.點名加扣分.期中報告.期末報告.股票實際操作,期末考帶回家寫,老師的講解深入淺出  非常清楚
#課程 #105上 施筱雲 大學國文,大一必修,5/5 分,有隨堂考 算入平時成績 作業缺交4次以上危險 缺席很虧,分組報告 隨堂考內容基本上都是發表自己的觀點,很好過！老師也很用心！
#課程 #105上 羅仙法 證券投資學,財金系大四選修,5/5 分,課程非常實用，且上課可聽到很多時事新聞，重點是教你投資策略使用方式跟心理學,期中考問答題申論題，期末上臺報告,這堂課主要介紹股票，選擇權以及市場過去歷史，老師是學校財務長，且是學校退撫基金操盤手。
#課程 #105上 陳奎佑 有機化學,化工系必修,5/5 分,期中期末60%平時成績40%,考題，基本上就是上課筆記或是考古題，整體來說根本不會很難上課有認真一定都會寫,上課基礎至少要有普通化學的基本知識，然後至少要有豐富想像力，會想像圖形結構
#課程 #105上 劉南英 個人資料保護法,夜間通識,5/5 分,考試前都會洩題，採隨堂考的方式，可看課本講義,無作業，幾乎每堂簽到，一定要有課本，考試前一堂會給題目可以回家查,個資保護
#課程 #105上 侯柏宇 微積分,英文系,5/5 分,期中期末佔60，出席率40,會課堂上直接考,要有些基礎
#課程 #105上 王丕維 全民國防教育,運輸管理系必修,5/5 分,期中考open book,作業是word 蠻簡單,老師人很好 上課也都會放勵志影片
#課程 #105上 鐘文伶 傳統藝術文化與技藝入門,綜合通識,5/5 分,老師偶爾點名，通常是簽到表，只有期末一個分組報告，平常上課就是看老師的PPT或是做DIY，上課內容很有趣,期末分組報告自選主題，與傳統藝術有關的就行，上課DIY都是做一些彩繪,老師上課十分有趣，對這方面的知識非常充足，常常補充一些有趣的事情，DIY也不會因美醜打分數
#課程 #105上 洪耀正 普通物理。電磁光,電機系必修,5/5 分,其實好好考就會過了,考一些基本題 ilearn做一做 公式理解好就沒問題惹(>﹏,老師人很好 不太會管妳 上課非常認真
#課程 #105上 張桂芳 微積分,數學系必修,5/5 分,30 30 40,10多題填空題,很棒
#課程 #105上 吳榮彬 抽樣調查,統計系大二必修,5/5 分,期中期末各30%,上課比較像是思考型,統計學（ㄧ），統計學（二）
#課程 #105上 張莉欣 景觀植物,建築系選修,5/5 分,老師人超好，只要上課大概都有到，作業都有交，成績都不錯，而且對系外學生會鬆一點。有時候上課是去校園走走認識植物，很有趣不無聊。,期末考用投影片播放植物圖片，很簡單。,老師人很好，所以沒什麼壓力
#課程 #105上 邱安安 會計學（一）,國貿系必修,5/5 分,"期中期末各佔30%, 作業與出席佔20， 實習課佔20%， 老師人很好上課回答問題交加分作業等 老師都會記得",沒有報考 會計學考試期中考都是計算，期末考會有10題的選擇問題,會計學一是給新手的會計學，所以不太難，當然老師會很有耐心的解釋問題，並且在考前做重點整理和複習
#課程 #105上 楊美美 大學國文（一）,必修,5/5 分,期中30%,考試：,教課很有耐心，老師個性很好相處
#課程 #105上 李元恕 行銷管理,行銷系必修,5/5 分,期中期末考、 有期末報告、 上課發言會加分,全英文的題目(上課講義會有，不算太難，有讀有分數) 期末報告,老師人很有趣，會講很多實例
#課程 #105上 伍昱睿 大陸與東協市場開發與通路管理,國貿系大二選修,5/5 分,基本上都不點名(有點簽到單),一次上台報告(分組),輕鬆高分過
#課程 #105上 賴泳龍等 四位老師 工具機專論,機電系選修,5/5 分,期中期末都是報告!!!,期中報告是寄給老師，期末報告要上台，皆為個人報告,盡量多跟老師互動，老師也很有耐心都會回答的很詳細
#課程 #105上 李克聰 智慧型運輸系統,運輸科技與管理學系大三必修,5/5 分,不太考試但每堂課都要小組討論 老師人超好 課程超好玩,考試申論題  自己設計運輸相關系統,不會很難 而且很好玩
#課程 #105上 許煜亮 計算機概論,自控系必修,5/5 分,期中末標準投影片都有 偏甜,計算題居多,老師人很好上課一步一步帶很有耐心
#課程 #105上 陳孝武 微積分,自控系必修,5/5 分,開學會說,線上作業為主,老師人很好
#課程 #105上 張倉耀 大陸金融問題研究,財金系選修,5/5 分,超涼 簡單,考試自帶資料,很涼
＃課程 #105上 吳如娟 作業管理,企管系大三必修,5/5 分,期中考20%,期中考：英文選擇題,認真上課會學得很充實，老師人很好 但是會要求 多和老師溝通就容易抓到老師的點
＃課程 #105上 楊基源 初等數論,數學系選修,5/5 分,期中期末加起來200分就過了,都是考古題裡面出,老師很棒頭很亮上課會令人專心，課程難度是偏超簡單
#課程 #105上 吳蕙米瑜珈,體育選項二年級,5/5 分,每節必點跟考試,考試只有期末是考上課教的動作，會有些要求，可是不會很難,老師人超好上課很輕鬆活潑
＃課程 #105上 朱南玉 統計學,土地管理系必修,5/5 分,有內容好過,考題考前會說的很詳細,老師個性超好
＃課程 #105上 李文傳 經濟學(一),經濟學綜合班,5/5 分,期中期末各佔35%、平時成績30%，平時成績看作業、平時考，上課點名採加分制，有到就加分，沒到不扣分。,期中考33題選擇題，期末考50題選擇題(全英文),"這門課就是學經濟學的理論，課本是：Mankiw , Principle of Economics；老師上課很有趣，會提實際例子，而且他還懂生命靈數，最後一堂課有時間他還幫大家算一下，很棒的一位老師。"
＃課程 #105上 邱安安 會計學,國貿系必修,5/5 分,老師人超級無敵nice， 上課有分組搶答加分活動， 有問題尋問她時都會很詳細地解說，是個好好老師，只要多練習題目大致上這門課一定pass,考試有10題選擇,同上~ 數學不好的不用太擔心，因為其實根本無關，有背就有分!
#課程 #105上 張其棟微積分,機械系必修,5/5 分,,,
＃課程 #105上 張美燕 人力資源管理,企管系大二必修,5/5 分,沒有期中期末考只有報告而已 上課藉由報告寫學習單 老師人很好,上台報告 但不會很難,老師會上課本內容 接下來會分組報告，老師人很好也很有耐心而且非常活潑
＃課程 #105上 戴瑞坤 文物管理,中文系選修,5/5 分,考試不會太難兩題，有考古題，有看有分，但是有點忘記佔多少趴了,考試兩題，主要都是講義的，有看有分，可以找考古幾乎一樣,老師經歷豐富，懂很多，上課常播影片，雖然早八，但是好過
#課程 #105上 盧鈺欣 會計學,統計系大二必修,5/5 分,考試不會很難，出席不重，一學期大概點個幾次而已，老師教的好，認真聽，輕鬆過。,考試跟課本題目差不多，會出幾題跟夜輔一模一樣的題目；作業助教出，簡單題型，有上課都會寫,老師講的淺顯易懂，人又很好！
#課程 #105上 王郁彬 餐旅行銷管理,行銷學系選修,5/5 分,老師人超好超可愛,要拍一部影片，不會很難。,非本系專業的學生來修也不會有負擔。
#課程 #105上 何子儀 電子學實習(一),電機系大二上必修,5/5 分,期中期末各30%平時成績40%(包含結報預報，至少要做1/2以上才能過),考試,教各種基本電子電路的實作，看波形等，助教人都很好，可以問很多問題
#課程 #105上 張漢威 肇事科學鑑定與實務,運管系通識,5/5 分,有分考試跟作業,只要上課有拍考試會考的投影片，考試可拿筆記、手機，甚至剪下課本都可以，很好過，不過老師習慣認人，要到上課喔~,上各種車禍肇事鑑定，還有認識路啊~等等，對了，還要老師雙胞胎孫子哦XD
#課程 #105上 蘇恆毅 複變函數,電機三,5/5 分,小考（4～6次）30%、期中30%、期末40%,小考都很簡單都是上課講義內容，但是期中期末考的內容就會有變化題或是難題，跟小考難易度落差很大，不要以為小考拿滿分就可以不準備去考期中期末,老師上課很清楚，不管是本系或外系都可以修，內容都是由簡入深，不會說很難。
#課程 #105上 王雅慧 英文閱讀,選修,5/5 分,每堂點名 有去上課平常分數就很高 有隨堂小考 但超簡單 期中期末選擇題都是被答案啦 超簡單 我覺得有修必過 而且是高分過,其中考試選擇題 期末可能會加個問答 但問答他會先告訴你題目 讓你提前準備 然後還可以帶你準備好的答案去考試 沒準備的話可能當場會寫不出來 選擇題的部分就是他上課帶的題目 然後考一摸一樣 只是你要畫重點 反正超簡單 上課都會教,零基礎都ok~
#課程 #105上 黃雅文 壽險數學,風保大三必修,5/5 分,10%出席，15%上課加分，10%小考，作業10%，25%期中，30%期末,期中全部考試有符號解釋跟計算各種年金現值，如果沒讀書會完全寫不出來，期末為選擇題加符號解釋（滿分120），老師為了就大家而出選擇題,主要是叫大家保費計算，老師講課速度蠻快，基本上回家要再複習，我是外系選修選擇風保必修，覺得不需有基礎，老師都會上課抽人團體回答問題，老師可以借此知道學生學習狀況
#課程 #105上 陳德生 數位系統設計,資訊系必修,5/5 分,學期前老師會公佈評分方式，最後調分時會整體一起加，然後50~59的最後總成績為60分。,小考的話會依照教到的進度決定，基本上都是講課內容的變化題。,基本上都是課本內容的講解，要先修過邏輯設計才會比較懂整個課程。，老師個性的話我認為是滿好的，點名次數也很少。，有時候上課時會跟同學聊聊天什麼的。
#課程 #105上 黃林禮 商業知能,科技管理研究所碩一選修,5/5 分,期中期末報告和一個考試，就！這！樣！,作業老師是隨機出題的，期中繳交word檔，期末做成ppt上台報告，也就是ㄧ魚兩吃的概念。,本堂課是專門開給理工科背景的同學修的，因為科管系是商學院的但是經常有許多理工同學去報考，所以專門開了一堂商學的基礎概念課程給理工背景的同學，如果你是理工背景也想學些商科的課程卻不知從何下手，非常推薦這堂課唷！然後然後～只能說黃老是大佛阿！真的從來沒修過這麼佛的課～
#課程 #105上 梁煌儀 大學國文,國文綜合班通識,5/5 分,期中 期末考 各佔 15%,學校的報告作業是自己分組，組別是固定一學期，而學校有的學習單是一組一起寫的，不是個人，不過要表明誰寫這題。,每堂課都會點名，他總說：，只要你不要點名都不在、上課都在睡覺、滑手機，期末沒及格我都會幫忙加分的啊～，，期中 期末考他會調分數，把分數調高，就算後來因為學校方面不能登記調整過的分數，也會在最後學期成績上把總共會調的分數調進去。，，上課講話十分有趣，有時喜歡自己自high，對學生態度很好，有時上課無聊可能問個問題，就算抽人回答 回答不知道也沒關係。
#課程 #105上 張倉耀 貨幣銀行學,商學進修必修,5/5 分,期中30 %期末40 %丶小考和報告各佔15%，期中和期末考試的分數都會超過100分唷！老師說他是客人，客隨主便！人超級好的，教的又棒，簡直就像是天使一樣,期中考期末考小考都是選擇題，期中期末有些從小考出，大部分都課本後面選擇題，報告是寫看新聞的心得，只要1張A4紙別超過,老師上課會提示考題，基本上總分130的話考120不是什麼大問題，超過100的部分加到平常成績去
#課程 #105上 李綉玲文字學,中文系必修,5/5 分,期中期末各35%、出席率20%、作業10%,考題為楷書轉小篆、甲金文轉楷書、說文解字540部首楷書轉小篆、本形本義、申論題。作業為說文解字540部首的小篆寫三次以及每個字的許慎解抄寫一遍,只要對文字本身有興趣都蠻推薦的，不需要任何基礎，會寫字就行
＃課程 #105上 劉佳哲 體育-網球,體育大二選修,5/5 分,期中期末各會有考試，老師都會先教，而且都有補考的機會 再來就是點名的部份，老師很注重出席和穿著，然後老師教的很仔細，可以學到很多,會考類似正手、反手拍、對牆打等類型,這堂課不管你之前有沒有基礎都可以來，老師會從基本開始教，循序漸進引導，而且很有耐心，老師他還曾經打過類似海碩盃的比賽，是個國手哦
＃課程 #105上 張宜正 攀岩,體育,5/5 分,1.繩結與確保30%，2.雙繩垂降10%，3.橫渡技巧20%，4.上方確保攀登20%，5.平時成績20%,考試內容上課都會教和練習，不太可以缺課，一缺課就跟不上了,1.很值得挑戰，2.老師人很好，3.課程很充實
#課程 #105上 徐光明 創業入門,商學院不分系,5/5 分,沒有期中考期末考，但期中期末都要上台報告，是十個人為一個小組，所以分到的工作蠻輕鬆的,無作業無考題,要點名的前一個禮拜老師會說，老師人很好的不要欺負他
#課程 #106上 許義忠 國際貿易與匯兌,會計系大二選修,5/5 分,總共考三次試，考試成績很重要，修這堂課的同學真的要認真上課，但學到的東西蠻多的，老師也會分享很多有趣的事，用不用的到看個人囉！,有選擇跟畫圖與計算題,上課要認真聽講!
#課程 #計算機概論 王磊 高等微積分,電機系大一必修,5/5 分,期中30期末40平常30很硬,沒有,不用基礎，認真上課就可以
#課程 #103上&下 高英蘭 工程統計,工工系必修,4/5 分,呃…我單純是想推統計在很多地方都有用，教我統計的老師已經退休了😂,聽說是有實習分數跟小考與期中期末啦，但是會勾題,
#課程 #104上 李賜福 工程數學,光電二乙,4/5 分,平時跟作業40% 其中期末各30%,考試出中文題 題目基本上都從講義出非常簡單,老師上課講得很清楚，自己做的講義滿棒的，可惜老師的字有點醜有時候會看不懂 每堂必點名
#課程 #104上 廖和恩 通訊系統,通訊系大三必修,4/5 分,你多認真就有多少回報,考題 去找考古題,老師講的很詳細，最好認知上課
#課程 #104上 陳光政 會計學,行銷學系必修,4/5 分,頗鬆的,考試就是寫會計的表,只要不是成績太爛…老師都很給你過
#課程 #104上 下 楊明晶 財務管理,財金系必修,4/5 分,期中期末有一個進步幅度就會過,考試總分140左右 不管怎樣一定要寫好寫滿會給一點同情分,記得去東裕買萬年筆記 筆記上寫必考一定會出，老師上課就像機關槍噠噠噠，不建議外系同學來選
＃課程 #104上下 陳裕益 微積分,應數系必修,4/5 分,期中期末各30%,15%填充+85%計算,老師教得很好很仔細，但是常常期中期末前進度會爆衝，但很關心學生的學習狀況，所以整體而言是個很棒的老師
#課程 #105上 林震燦 微積分(ㄧ),經濟系必修,4/5 分,不定期點名，通常考前兩週會點名。,考試幾乎都從講義內容出，有讀都會過,
#課程 #105上 許義忠 國際貿易與匯兌,會計系選修,4/5 分,課堂小考20% 期中期末各35% 出席10%,"每次考題不一定一樣,大概都是選擇15題,有時候有畫圖題還有簡答題,畫圖一定要寫的很詳細,寫的詳細度會影響該題拿到的分數","老師上課很認真,會分享自己的事情,特別會一直提到陸生(!?)不過課程內容蠻難的,要認真讀書才可以過"
#課程 #105上 許展嘉 英文(一)初級,全大一必修,4/5 分,分配忘記了,小說是,完全不需要基礎，，就是在上國中的東西，，還沒期末考前他會給你看到目前為止你的成績，，我是72喇，沒考期末就已經過了，，爽嗎，超爽，最爽的那種
#課程 #105上 朱來順 場站經營與規劃,運管系大二選修,4/5 分,我出席率有點低 因為沒出席被老師記住,期中-上課PPT 簡單,
#課程 #105上 顏秀吉 都市計畫,運管大二選修,4/5 分,老師上課人很好 不刁難,期中期末考,
#課程 #105上 曾柏興 海運規劃與管理,運管系必修,4/5 分,期中期末考試各20%,"期中考題是從課本出約6題申論,包括一題是非題形式的申論","課程比較偏管理方面,跟架船造船的沒關係,所以主要還是在教關於船商事業的部分,老師人很好很溫和,可以跟他ㄠ考試出簡單一點"
#課程 #105上 呂晃志 燃料電池,材料系選修,4/5 分,期中考、期末考、出席率，考試很甜完全考筆記內容，會告訴你考哪邊，背一背就沒問題了,問答題如期末考6題，順序與問的方式和筆記的猜題一致，一題20分，最後一題是加分題，一共120分,上課認真聽的話對有興趣的人有幫助，沒興趣的人有筆記也可以考高分，上課氣氛很隨意，不要吵到老師就好
#課程 #105上 林明言 資料庫系統,資訊工程系選修,4/5 分,期中期末各30%，小考20%，作業跟平時成績20%,全部都是問答題以及計算題，題目很多，通常都寫不太完，不過考卷滿分都會破百,上課算很細心，很關心學生的學習狀況，能學到的東西不少，期末會有一個專題，但不會太複雜，只要肯學習，期末總成績一定都不會太差
#課程 #105上 李長署 產學合作倫理,材料系大三選修,4/5 分,出席率、期中辯論、期末討論，沒有考試,不算考試，期中考用分組辯論的方式打成績，好玩不嚴肅；期末是整學期以來有吸收到的上課重點分組上黑板寫，派代表說其內容即可,老師人非常好，會講很多有關業界的事情跟他的人生歷練，跟你建立很多價值觀以及投資理財的概念，很會跟學生聊天且不限上下課
#課程 #105上 湛明暉 銷售推廣學,行銷系選修,4/5 分,期中考超簡單 期末報告也很輕鬆又學得到東西,期中考申論題 通常會預先告訴你 讓你可以準備,不用基礎 外系選修也很歡迎喔
#課程 #105上 楊明晶 財務管理,財金系必修,4/5 分,期中30期末40小考作業分數也會影響哦 考試還有教的有點難 但是認真上課可以學到很多東西哦,通常都考7頁以上 考試時間2.5～3小時 總分數都超過100 不過題目都偏難,了解一些關於股市.債卷...的風險 利弊。老師知識深厚 可以好好詢問 他會為你解答所有疑惑
#課程 #105上 洪介偉 貨幣銀行學,風保系選修,4/5 分,每堂課都會有作業、會點名（有時候課間還會再點一次）期中期末考都會提早考、會有考前提示（很重要都會考）,會有電腦作業,課本可買可不買（但是功課題目在課本裡 不買的要去借書找題目）、只看老師ppt也行
#課程 #105上 湛明暉 銷售推廣學,行銷系大三選修,4/5 分,有期中跟期末報告～還有出席成績 老師人很好,考試手寫可是都會有考前提示，要創粉絲專頁然後經營跟報告,上課內容聽聽就好，很輕鬆，老師人很好
#課程 #105上 施惠家 英文寫作（一）,應用外語學分學程,4/5 分,忘記各佔幾趴 但有期中考 很簡單 只要上課有跟著老師的腳步一定沒問題 老師要求的作業也不多 只要按時繳交 分數都不是問題,考試題目很少 方向很大 不需要事前準備 只要上課有聽就會,老師很有耐心 無論有任何問題她都會認真回答 也會顧慮到每個人的程度
#課程 #105上 余詩芸 工英中級班-余詩芸,大一必修,4/5 分,一定要到按座位點名,每次上課小考單字,老師好笑有趣，教學活潑，但情緒起伏有點大
#課程 #105上 彭德昭 經濟學一,商學院大一必修,4/5 分,上課要專心，千萬不能滑手機還有睡覺，作業一定要交，不然必當無疑,全部都是選擇題，而且是原文命題,上課一定要專心，不然會聽不懂，雖然有時候很兇，但是教的很好，很認真
#課程 #105上 呂晃志 環境科學概論,綠色會計學分學程,4/5 分,期中+期末考大概佔90,幾乎都是問答題，跟上課ppt或給的題目有87%像,不用基礎，老師自己還翹過課
#課程 #105上 黃志銘 作業系統（一）,資訊工程系大三必修,4/5 分,期中期末各35%，平時30%,考試全申論跟計算題，只要有考古題一律輕鬆高分,上作業系統基本概論，五大排程演算法，及各種不同演算法
#課程 #105上 高秀蘭 工程統計,工工系必修,4/5 分,期中、期末、兩次小考 每個20%,老師勾的題型必做,老師想教會你，就看你要不要上課而以
#課程 #105上 陳清標 測量學,土木系必修,4/5 分,分數給的不錯,考試幾乎都考古題上的,難易度：易，考古題要會 就輕鬆拿分
#課程 #105上 林育德 數位信號處理應用,自控系,4/5 分,期中上機考 期末小組報告 助教人很好,期中上機考(完成線上測驗就有50分) 期末小組報告 助教人很好,
#課程 #105上 林志敏 作業系統(一),資訊工程系大三必修,4/5 分,上機作業佔很重、期中、期末、出席率、上課回答問題加分,期中期末都有考古、期末考古全中機率高、每周有上機實習、期中通常大家會考不好，太爛老師會給機會補考當加分,講得很細、認真可以學到很多、但是講課速度也很慢，最後一堂會趕課
#課程 #105上 吳純純 微積分,商學院院必修,4/5 分,每堂必點，需要照她的要求寫，雖然嚴格但是老師人也不錯,沒有作業，有小考會提前一個禮拜說，內容是上次教的,老師用ptt上課，會講解公式證明和例題，再讓同學做練習
#課程 #105上 陳俊廷 基礎日語,外文系選修,4/5 分,期中期末各35%,考試都是考口試，因為老師覺得出去外面需要跟人對話比較重要的是口試，寫也很重要，所以會出作業,老師會怕我們跟不上，所以會教的比較慢
#課程 #105上 黃雅文 壽險數學,風管與保險大三必修,4/5 分,期中考25%，期末考30%，正課4%，實習課6%，作業10%，小考10%，上課回答問題15,不管小考還是大考都會考名詞解釋和計算題，期末考的時候計算題都改成選擇題，但題目也比較難，作業有上課寫也有回家寫，不一定，如果是上課寫，不同時間完成分數不一樣，越快完成分數越高,上這門課完全不需要知道任何基礎，老師都會一個個公式一題題題目認真教，學生就上課認真筆記要寫就對了
#課程 #105上 林彩玉 微積分,商學院必修,4/5 分,自己查,她隨便出,
#課程 #105上 王雅慧 英文閱讀,選修,4/5 分,期中期末外加課後小作業,文章閱讀劃重點寫答案,老師講話超快也很有趣，人很好但有些健忘
#課程 #105上 鄒繼楚 商業心理學,經濟系大三選修,4/5 分,每個禮拜有一小份小組報告 做ppt跟演戲 期中期末也是演戲 上課輕鬆蠻不錯的課,Ppt + 演戲,上課不用坐椅子 坐地板可以躺著上xd
#課程 #105上 陳至還 貨幣銀行學,經濟系必修,4/5 分,不喜歡學生睡覺，喜歡人多,考試考筆記，不需要助教,學店生都能過
#課程 #105上 不知道欸... 戀愛心理學,人文社會學院,4/5 分,報告佔最重其次出席,沒有考試,可以學更多有關兩性的溝通
#課程 #105上 羅美文 余雅涵,商學進修系,4/5 分,期中期末大約30% 會在課堂最後點名 是到講臺講英文或給老師看英文筆記 上課多舉手回答會有好印象,考試不難 只要背好課本裡的單字就好 筆記要寫 最後老師會看 喜歡勇敢說英文的同學 偶爾會有小組討論,基本都是課本 偶爾穿插教學影片
#課程 #105上 馬偉成 大學國文,大一必修,4/5 分,期中期末各30% 作文改很嚴 報告加印象40% 回答問題似乎有加分,1~2小組上臺報告 學校比賽的作業 分組課程分析,老師個性不錯 不要遲到太誇張 會記住你。可以翹課
#課程 #105上 余美玲 文學與生活,選修通識,4/5 分,作業幾乎每堂課都有，但不會太難。,作業幾乎都是上傳ilearn，只有一些要紙本。,對文學有興趣，樂於跟老師交流的話都可以選~~
#課程 #105上 陳至還 貨幣銀行學(ㄧ),經濟系大三必修,4/5 分,期中期末各佔30%，平時成績４０%，算是一分耕耘一分收穫的課，上課有黑板筆記，考試大概只考筆記,不一定,無
#課程 #105上 溫傑華 運輸經濟,運管系 必修,4/5 分,期中30% 期末報告40% 出席10% 平時分數10% 發問分數10% 發問分數很重要,20題選擇 中英文,老師人很好 有發問 題型都是考古 一些是上課教過的
#課程 #105上 林育德 工程數學,自動控制必修,4/5 分,考前有考古 讀熟就過,沒作業 平常考要到,教的普普 但好過
#課程 #105上 龐寶宏 社會福利與保險,風保大三選修,4/5 分,期中末各50%，上課至少要舉手問答一次。,期中交報告，但期末考前才需要交，期末翻書考,老師喜歡互動，上課規則不能違規，不然老師會生氣，女生可缺5次，男生4次課。
#課程 #105上 宋建華 漢字文化學,中文系大二選修,4/5 分,沒有作業沒有報告沒有小考，期中考期末考而已，幾次的簽到但是老師不重點名,老師會公布考題在ilearn上面，也會放ppt講義，考試題目的答案都可以從ppt講義找到,老師人滿好的，不過上課無聊不過基本上不重視點名、考試又都會事先給考題真的超佛ㄚ！
#課程 #105上 簡士超 美學與產品創意,行銷系必修,4/5 分,期中期末(一定要寫通關密語哦) 報告(超重要),上課用書裡 、 報告(要創新、 要創新注重氣氛、 形式),老師人很好，但要有喜歡的人修才不會那麼痛苦，因為報告很重要
#課程 #105上 吳紀瑩 經濟學,經濟系必修,4/5 分,期中期末各30%作業平時30%出席10%,都是選擇題,期中前高中的程度期中後一定要好好聽老師說噢!實習筆記要抄好抄滿!!
#課程 #105上 辛正和 電路學二,通訊系必修,4/5 分,期中30%,老師小考前會勾題目,老師上課基本上用投影片上課，有不懂的下課也可以去找老師
#課程 #105上 吳俊翰 高分子工程,化工系大三選修,4/5 分,幾乎每堂必點，但是如果有次點名單要送學校的前一個禮拜，會事先告知同學下週點名。,全部簡答題（一、兩題計算題）老師會事先透露題目，但是在課堂上用唸的，要仔細聽，有些學長姐會有考古題，多看有幫助。,這堂課坐前面且上課認真的話，老師容易記住你名字，被他記住有好沒壞，平時成績會較高，老師人也很好，不太管你上課在幹嘛，是門輕鬆好過的課。
#課程 #105上 林鴻圖民法概要,企管系選修,4/5 分,出席佔很重，沒事不要亂翹課。,考試很簡單，都選擇題，會給你考題和答案,老師上課嚴厲，但是是好老師，認真上課會學到很多
#課程 #105上 黃義欽塗料化學,化工系選修,4/5 分,出 席  : 20%,1.期中考都是問答題，都考老師PPT內容，期中作業的內容佔考題50%,老師人很好，講得很清楚，每節課都會簽到點名，但他會挑最多人簽到的點名單上繳學校
＃課程 #105上 陳長城 矩陣論,應數系選修,4/5 分,開學第一次上課會和學生討論,一半填充一半計算,老師喜歡隨堂考也就是提早考試，不會排座位先到就先選，然後老師上課喜歡給坐前排的同學取綽號，被老師記起來的會加印象分數，而且老師的口頭禪很多
#課程 #105上 王邁揚 民法概要,統計系大二選修,4/5 分,沒有作業，考試只有期中期末,考試前一週洩題，選擇題50題,老師講的很詳細，聽不懂就算了XDD
#課程 #105上 陳文正 普通化學,纖維系大一必修,4/5 分,小考2次  期中期末,選擇題,期中期末考題從小考出，其實只要有去考，出席超過8成，期中期末加起來超過60也會過，但.....學不到東西
＃課程 #105上 方瓊菀 微積分,商學院必修,4/5 分,期中期末各佔30%、平時佔40%，上課偶爾點名，講解算清楚，會停下來等你自己算一遍！,沒有作業，考試題型是填空跟計算。,高中有接觸一點微積分的基礎做延伸，老師人很好，會關心學生學習的狀態。
#課程 #105上 陳益生電路學,通訊系必修,4/5 分,,,
#課程 #105上 林宗志 工程數學(一),電機系大二上必修,4/5 分,出席12%小考(4次)28%期中30%期末30%先說老師很硬，絕不調分，但保證收穫很多，想學好工數的人推推,沒作業,老師講解很快，推上課認真聽，網路有影片，下課或考前可以讀，筆記建議抄影片比較好跟的上
＃課程 #105上 劉平文 人際關係,企管系選修,4/5 分,沒有期中期末考,期中報告做成ppt上台照念也可以，期末交心得，最後歡喜等待著成績出爐。,不用基礎，只要有心出席課程，上課輕鬆愉快不用拘束
#課程 #104上 陳志強 資電概論與倫理,電機系大一必修,3/5 分,沒考試，沒評分方式(⊙＿⊙),每次上課寫心得就有分數，心得掰多白痴都可以,唱you raise me up，請很多教授介紹電機系在幹嘛，各種廢話
#課程 #105上 黃承啟 民法概要,會計系選修,3/5 分,依照學校點名方式，期中期末各有兩次隨堂點名(用ilearn點) 這部分佔平時很重的成績，期中考跟期末考前都會說要考試，可是每次都突然不考，改出作業(題目抄到死)，評分方式真的不知道是依據什麼，聽過最誇張說法是用電風扇吹考卷，飛的越近越高分...,期中考大約是三題情境題，期末考大約是四到五題情境題，字寫的越多越好!! 如果怕字數不夠多，可以在答案紙上把題目全部抄過一遍，充字數老師會很開心給你高分。,老師人很好，但上課要學到東西的話不建議選，因為真的很混，就算你坐在第一排算微積分他也不會管你，上課也是法條叫人唸一唸就莫名下課了，簡單來說，學分好賺分數高，但上課沒有收穫。
#課程 #105上 王光華 會計學,土管系必修,3/5 分,老師教的有點爛，但期中期末考都考課本習題，每個禮拜都有小考，好過,都是課本的，考卷一面選擇，三面計算，選擇要寫算式,老師人很好，像媽媽，但學不到什麼，自學比較快
#課程 #105上 宋玉真 建築設計,建築系必修,3/5 分,要跟設計老師理念相同，設計課才會比較輕鬆。不然有一些老師會很雷，你辛苦做出的作品會被罵的一文不值。,畫平面圖，跟模擬考建築師考試。,同上，真的要看緣分，遇到好老師就是天堂。遇到壞老師就是地獄。
#課程 #105上 陳依依 經濟學,國貿系大一必修,3/5 分,期中佔70%平時佔30,Mc題,不會教
#課程 #105上 李英豪 微積分,全系所必修,3/5 分,點名算額外加分,簡單,老師會一直上他的
#課程 #105上 彭妙卿 國文,大一中文,3/5 分,偏甜的一門國文課，加分方式很多有些滿無言的，但算是國文課好過的，上課寫學習單，可以睡覺（會被叫起床）可以滑手機（要擺課本）期中期末各佔30%平常成績包刮 學習單，出的作業  作業有交 段考成績不差 基本上都會過,沒有,老師人不錯  會關心學生健康
#課程 #105上 不知道 化學,公民視野,3/5 分,尚未公佈,尚未公佈,成為一個好公民
#課程 #105上 林菲普通物理,光電系必修,3/5 分,評分很輕鬆  期中期末甚至會自己出考卷出到滿分120.130讓你爽爽過 期末時還會加分  而且全勤加超多  結論是只要考試帶點腦  平常都有到都能過,有作業他會告訴你  很少  一學期兩次吧  就做一做物理題目而已,這老師上課就是輕鬆上  講一講又來跟你聊天一下  講的內容也很少  但是就是很好過  總結就是  如果你缺學分  也沒有想學到太多東西就選他的課吧！
＃課程 #105上 黃聰輝 服務業行銷,企管系大二選修,3/5 分,平時成績30%,考前上課會勾題(需課本)，勾十題考五題，寫越多越詳細分數越高，背多分,1.外系選修可，2.上課不可以睡覺，3.中規中矩、無聊，4.每堂課必點，5.老師說話速度慢
＃課程 #105上 黃智彥 休閒事業管理,企管系大二選修,3/5 分,期中期末分組報告,分組報告某一個休閒事業,1.商學院可做外系選修，2.上課傳簽到單，3.認真學多少可學到東西，4.作業報告都有做分數85以上
＃課程 #105上 蘇啟榮 奈米科技概論,化學工程學系選修,3/5 分,1.期中作業30%(上網找資料),1.期中作業要上網找資料，基本分90分起跳,課堂會有參考書，老師會帶我們畫重點，然後告訴我們一些最新的奈米新聞，也會給我們看一些影片
#課程 #105上 王光華 會計學,土管大一必修,3/5 分,上課上的很爛，每堂課必點名，平時分數只要到就會高，段考題目跟課本一模一樣，只要背答案就可以了,沒有作業沒有報告，選擇題跟計算題都是課本題,這個老師教的不好，所以助教上的會計學實習課，一定要到，不然就真的什麼都沒學到，只是浪費時間
#課程 #105上 賴炎卿會計學,財稅系大一必修,3/5 分,,,
#課程 #105上 陳志強 高頻電路概論,電機系電波少三,3/5 分,平時20%、小考/作業20%、期中考30%、期末考30%,期中期末考可以帶重點筆記，必須手寫在一張A4紙正反面，內容不拘看自己覺得什麼是重點，考試重點在於會應用，刁鑽公式不用背看重點筆記就好。,上課算是輕鬆，但是必須回家練習作業，老師的想法也是希望大家可以自己練習過，考試不會刁鑽都是基本題，期中考後會發期中檢討記錄表，目的是希望學生可以檢視考差的原因，或分享如何考高分的，老師算是一個重視學生學習吸收程度的老師，但是可能講課不是特別清楚。
#課程 #104上 忘記了 工程倫理,必修,2/5 分,期末報告很重要,沒有考試,老師人還好
#課程 #104上 朱心蘅 財務管理,財金系大二必修,2/5 分,老師感覺蠻重期中期末和報告,考全英文,個人不太推
#課程 #105上 林永森 工程數學,化工系必修,2/5 分,小考兩次30%各佔15%，期中期末各佔30%，出席率佔10%,考試只會考4或5題，後面的題目會比前面的簡單，沒有作業,上課不停抄筆記，你想聽也聽不懂，建議買課本自己唸
#課程 #105上 鄭佩玉 高等會計學,會計系必修,2/5 分,沒,都沒有,難的要死。又沒耐心
#課程 #105上 黃志銘 計算機概論,資訊系必修,2/5 分,期中30%期末30%平時40%,看老師高興,最好先把整本C看過三遍
#課程 #105上 蕭敏學 電子學,電子系必修,2/5 分,期中30%期末40%平時30%,選擇題10題 要附註原因,上課主要在講解二極體的理論 應用等，上課內容蠻深奧的，不認真聽課很難聽的懂
＃課程 #105上 林志敏 作業系統,資訊系必修,2/5 分,Demo一定要去做,Demmmmmmmmmmo,給兩顆星是因為老師很煩 考試時間都要另外找 拿中午時間考小考 毛很多 不過其實很好過 demo都有做 期末考考古題背熟就高分過關
#課程 #105上 黃定彞 通訊系統概論,電機系電波三,2/5 分,作業30%（共8次作業，只需交6次以上）、期中30%、期末30%、課堂表現10%（這部分是看作業是否自己完成或抄解答）,考試從作業勾選題內出題,老師不太會教學，期中考前還可以靠自己讀懂，期末難度就無法自己讀懂了，不太推薦原因是真的想學的話可能這位老師不太適合，不過要拿學分的話背一背就可以通過考試了。
#課程 #105上 劉文榮 財務管理,合經系大三必修,1/5 分,其中期末會先給出題範圍，但是大家考出來一樣差,考試會有五題名詞解釋和四大題的計算題,教導有關財務管理方面，例如:利率 年金 報酬率計算之類的
#課程 #105上 李允中 創意思考,校大一必修,1/5 分,印象分數很重 給分方式不明,課堂小組報告,老師夠糟糕
#課程 #105上 林憲鋒 實用英文,外文必修,1/5 分,沒比例,全程混不上課,打混摸魚
#課程 #105上 林維鈞 微積分,土木系必修,1/5 分,我忘記了,沒作業，愛當人,需要英文基礎
#課程 #105上 黃秀芬 線性代數,資訊系必修,1/5 分,分數不錯,上課小考,老師很令人無言
#課程 #105上 黃娟娟 初級會計學,商學院大一必修,1/5 分,期中期末,期中印象中都是實作題,課本，老師上課用ppt，基本上大家都會睡翻
#課程 #105上 袁維勵 計算機概論,化學工程系,1/5 分,不了解，基本看上課作業交的程度,他說會考的絕對不會考,雖然學長姐都說老師大佛，不過我覺得他根本不適合上這個科目，聽說他不是主修這個，不過既然要上，應該上自己能教的，就連自己都不懂那套程式語言，還硬要教，沒頭沒尾的，雖然好過，不過學不到東西
#課程 #105上 吳如娟 作業管理,企管大三必修,1/5 分,期中20%期末40%平時、作業40%,英文,個性捉摸不定 不推
#課程 #105上 黃承啟 民法概要,會計系 選修,1/5 分,老師開學會和甲班班代討論，我們這一屆是30%期中30%期末20%點名20%考試（作業），唸法條不加分,全部都是申論，期中3題，期末4題，作業的話我們上次有9題（上網查會發現都是司法考試題目,上課主軸是以他的課本為主 還搭配小六法中的民法，，上這堂課基本上不太需要難度，老師上課不太會點人，都是點班代 然後班代再點下一個人，只要跟班代不熟 或是跟班代講好就不會被點到👍，有時候會遲到很久又早退，老師每學期必出國一次 所以要補課（會看大家的時間再安排），然後會說要考試 最後不考改成作業，，不過也有認真上課的時候，（這時候比較乏味啦 哈哈哈
#課程 #105上 賴炎卿 初級會計學,商學大一必修,1/5 分,出缺席 作業 筆記等等都會算成績 給老師的印象很重要,做夜輔題穩穩及格,上課跟考試完全兩回事。。。，講話不清楚 叫你抄就對了！
#課程 #105上 蔡雅芝 近代物理,光電系大二必修,1/5 分,考的不好沒關係，記得高於平均就好,作業要記得交，平時分數也可以掌握你會不會被當,呃…努力點吧。有時候努力也不見得懂 哈
#課程 #105上 林永森 工程數學,化工系大二必修,1/5 分,考試很難,沒作業 沒報告,個性機車，考試分數不好要（根本要不到），會管秩序 教室外也管
#課程 #105上 吳榮彬 統計學,經濟系必修,1/5 分,完全沒有評分方式 應該是看心情去評分的,作業叫我們自己出題目自己寫詳解重點是都沒上過的課程就叫我們自己寫詳解....,老師就是怪！沒在上課本的東西！導致段考都不會
#課程 #105上 癩鹽清 會計學,土管系必修,1/5 分,上課一定要去 媽的除了喪假沒到全都是曠課 不管是生重病或出車禍都要去上,考試有選擇  有手寫 難到爆,老師超爛  只會講講義還會講錯  超級地雷
#課程 #105上 沈明展 統計學,土管系必修,1/5 分,期中期末各佔30%，平常成績與出席率40%，考試愛考題組,考試為題組，沒作業,教授像補教業老師，講話速度快，笑裡藏刀型
#課程 #105上 蕭國鐘 企業概論,企管系大一必修,1/5 分,隨便考隨便過，老師不當人，但就是很廢,選擇題和問答題，問答題還可以自己先準備題目背起來,睡覺休息看書的好時間
#課程 #105上 李希奇 華語教學導論,中文系,1/5 分,期中30%、期末40%、作業20%、出席10% ; 課程&教科書很艱澀，李老師教學風格偏嚴謹，是門很硬的課 !,筆試50%、分組報告50%,李老師喜歡跟同學互動，會希望大家都有發言，問的問題都是教科書上的，所以上課前要花多點時間準備，蠻有壓力的，課程難度很高，確定要很有興趣再來修，不然真的蠻硬的 !
#課程 #105上 高秀蘭 統計學,必修,1/5 分,老師心情決定一切,考試是學校統一喔,老師會罵人
#課程 #105上 黃秀芬 線性代數,資訊系大一必修,1/5 分,出席會占5%，所以習慣蹺課的同學要考慮一下，還有選課秘笈上寫好過是沒有錯，但是如果是想學到線性代數精髓（有辦法應用這個學科的知識）的話並不推薦，因為老師上課都在講題目和她會考什麼，還有，她時間表蠻滿的，不容易問到問題。,老師習慣在課堂上小考，要考的前一堂會先提醒，除非太少人來上課臨時決定加考小考。期中期末的話她都會在平常上課洩題，考前會大洩題，老話一句，想學好東西真的不建議找她,上的東西都蠻基礎的，聽不懂自己看考試也絕對沒問題，除非你只在考前才念書
#課程 #105上 梁寶芝 資訊概論與倫理,電機系大一必修,1/5 分,莫名奇妙的算分方式，我也不知道怎麼算的,只有寫上課心得和簽到,完全沒有技術
#課程 #105上 黃娟娟 初等會計學,會計系必修,1/5 分,"因為是會計系 每節課都會點名 老師都投影片 且筆記都是看到黑板有空位就寫,很雷 如果沒有隨時發摟可能就看不懂.跟不上",幾乎每堂課結束都有作業,回家多練習題目 一切都會上的很順
＃課程 #105上 田春林 田春林-波動光學,電機系光電組大三必修,1/5 分,,,
#課程 #105上 林羨峰 實用英文,外文系大三選修,1/5 分,別選 超級沒營養 老師性格超差 只推薦女同學選,就說不要修了 沒有考試 但作業會讓你懵得不要不要的,Don't fucking pick this course! No actual benefit unless you just wanted to waste your time.
＃課程 #105上 羅珮瑄 英文發音練習,外文系大一必修,1/5 分,,,
#課程 #105上 王光華 會計學,會計系必修,1/5 分,評分紮實,期中都是手寫題，期末10題選擇占40分，其他都是手寫，其實觀念都有搞懂就能考好，考題偏易,老師教的實在是…不予置評，多去上夜輔比較實際啦
#課程 #上下學期都有 陳星百 資訊安全管理,資訊系資安課程,1/5 分,期中期末50%，平時50%（包括3次小考）,全選擇題,老師教的很沒有系統，學不到任何東西，講話很小聲，非常重點名，考試就算高分，但是點名有缺席紀錄，分數就給很低
#課程 #102下 劉曜華 市政學,都市計畫與空間資訊學系,5/5 分,上課風氣自由 鼓勵討論 分數會給很高,考試少 期中考跟期末報告而已,
#課程 #103下 趙宸紳 體育－羽球進階,體育大二必修,5/5 分,期中考占百分之30分,考試其實就是去玩的，因為考試就是打球，兩個人一組，女雙的跟女雙的打，男雙的或混雙的一起打，比賽分數其實只是成績評分的參考，真正的評分是看學生有沒有認真打球，不要常常遲到或坐在角落聊天，分數基本上不會低於90分,老師人無敵好；第一節課的前20~30分鐘是在講解與球的規則、如何發球、如何殺球、如何接殺球、如果打單打、如何打雙打，很多很多，後面的時間就是暖身各自練習打球，可以雙打也可以單打，還會提前15分鐘下課
#課程 #104下 陳長城 微積分,化工系必修,5/5 分,平時20%小考20%期中期末各30%,沒作業，考試筆記多看簡單,筆記認真抄，考試會考
#課程 #104下 林瑞發 心理學,合經系必修,5/5 分,期末報告有交、自評不要謙虛就會高分,期末報告自訂 出席不重,交期末報告就會過，有同學從沒去過86過
#課程 #104下 駱建陵 機率論,財務工程與精算學士學位學程,5/5 分,課堂表現和小考各20%，期中和期末考各30%,當時全班決議考選擇題，於是老師出選擇題了,如果有不懂的題目，可以跟老師請益，老師會教到你懂為止。而且不止機率論的問題，如果有數量方法相關的疑問，或是想了解財務工程在作什麼，可以跟老師聊。
#課程 #104下 楊瑞彬 非破壞檢測,航太系大三選修,5/5 分,期中、期末、實驗報告、出席。分數給的不錯，作業要交。,期中期末會給題庫～上課有幾堂實驗課，要交實驗報告。作業有教、題庫有看，相信不會有人被當。,上的內容是平常接觸不到的，但有認真聽會很簡單～老師人很好，講的也很明瞭。
#課程 #104下 許澤善 土木系 工程數學,工學院必修,5/5 分,隨便過,隨便寫,不會寫都能過
#課程 #104下 蔡雅芝 奈米科學概論,光電系大三選修,5/5 分,平時40%,會有小作業跟簡報，基本上不會太難,
＃課程 #104下 陳德生 邏輯設計,資工系必修,5/5 分,老師最後把50-60分的學生全部變60，老師好,認真上課聽講，遇到困難尋求幫助，保證期末pass,不需基礎，但如果能先預習就很棒了
#課程 #104下 汪浩社會事業,合作經濟暨社會事業經營學系,5/5 分,,,
#課程 #104下 陳益生 電路學(一),電機系大一下必修,5/5 分,期中期末各25%兩次小考各25%額外加分考20%共120分,沒作業,老師人佛不說，上課超認真，而且有時會教自己的算法，讓人更快懂，很棒的一位老師
#課程 #105 袁世一 線性代數,通訊系必修,5/5 分,筆記佔40%,上課筆記算分,線性代數，有點難但老師教的很好
#課程 #103下 陳益生電路學（一）,通訊系必修,4/5 分,,,
#課程 #104下 蘇啟榮 有機光電材料概論,化工系大三選修,4/5 分,作業最最最重要，有期中考、期末考但其實比重不大，出席可以加分，幫老師訂書也加分。,個人作業,老師很喜歡找人聊天哈哈，上課雖然沒人聽，但其實他講了很多不錯的時事，如果以後要走那些產業，可以了解了解。
#課程 #104下 王益文 微處理機系統,資訊工程系必修,4/5 分,三次上機考各佔60%，期末考佔40%,期末考全申論,上課都在教觀念，基本上是滿佛的，上機考很重要，拿高分很簡單
#課程 #104下 劉森堯 散文選讀,外文選修,4/5 分,期中期末,考試都是考老師上過文章中的單字和翻譯，如果有背其實不會太難的,這堂課滿輕鬆的，老師上課進度滿緩慢的，因為他很喜歡聊一些五四三
#課程 #104下 吳仰哲 財金概論,財務金融學系必修,4/5 分,有交作業跟出席就會過了,個人作業一學期三次,聽老師廢話
#課程 #104下 李希奇 華語教材與教法,華語教師學分學程,3/5 分,重要是用老師自己印的講義,老師會給一張清單,建議有心要修華語學程的再來，老師上課會問問題
#課程 #104 許鈺佩大一經濟綜合班,商學大一必修,3/5 分,,,
＃課程 #104下 彭德昭 國際貿易理論與政策,經濟,1/5 分,考試考很難,考試全是長問題,"不是必修課,絕對不會有人選的課"
#課程 #105下 林純純 統計學,應用數學系必修,3/5 分,期中期末30%平時40%，小考分數很難拿~,都是手寫,老師講話太好睡了
