"教學學習實務(一)","教學學習實務一"
"班級活動","班級活動"
"體育(一)","體育一"
"大學國文(一)","大學國文一"
"多元文化","多元文化"
"專業領域概述","專業領域概述"
"溝通表達技巧(一)","溝通表達技巧一"
"創意思考","創意思考"
"跨領域專題實作","跨領域專題實作"
"經濟學(一)","經濟學一"
"經濟學(一)實習","經濟學一實習"
"微積分(一)實習","微積分一實習"
"微積分(一)","微積分一"
"資訊素養作業一：資料蒐集報告","資訊素養作業一：資料蒐集報告"
"漫談閩南語","漫談閩南語"
"文學與生活","文學與生活"
"生涯規劃","生涯規劃"
"服務學習","服務學習"
"計算機概論","計算機概論"
"普通化學(一)","普通化學一"
"普通化學實驗(一)","普通化學實驗一"
"普通物理(一)","普通物理一"
"普通物理實驗(一)","普通物理實驗一"
"纖維與複合材料研發專論暨工程倫理","纖維與複合材料研發專論暨工程倫理"
"資訊素養作業二：危機處理分析","資訊素養作業二：危機處理分析"
"全民國防教育軍事訓練(一)","全民國防教育軍事訓練一"
"工程數學(一)","工程數學一"
"人造纖維工程(一)","人造纖維工程一"
"織品製程(一)","織品製程一"
"紗線製程(一)","紗線製程一"
"電腦輔助工程繪圖(一)","電腦輔助工程繪圖一"
"纖維化學(一)","纖維化學一"
"織品製程實習(一)","織品製程實習一"
"紗線製程實習(一)","紗線製程實習一"
"有機化學(二)","有機化學二"
"材料力學(一)","材料力學一"
"高分子化學","高分子化學"
"複合材料製程　","複合材料製程　"
"熱力學","熱力學"
"纖維物理(一)","纖維物理一"
"纖維染色學","纖維染色學"
"纖維製品檢驗實習","纖維製品檢驗實習"
"工程統計(一)","工程統計一"
"線性代數及其應用","線性代數及其應用"
"高等工程數學(一)","高等工程數學一"
"創意研發專論","創意研發專論"
"專題研究討論","專題研究討論"
"土木用補強材料","土木用補強材料"
"有機生醫材料概論","有機生醫材料概論"
"紡織工廠管理與設計","紡織工廠管理與設計"
"工廠加工實務(一)","工廠加工實務一"
"工程圖學(一)","工程圖學一"
"機電概論與工程倫理","機電概論與工程倫理"
"應用力學(一)","應用力學一"
"工程材料學(一)","工程材料學一"
"熱力學(一)","熱力學一"
"機動學(一)","機動學一"
"機械畫","機械畫"
"流體力學","流體力學"
"控制系統(一)","控制系統一"
"專題實作(一)","專題實作一"
"機械製造(一)","機械製造一"
"機械設計(一)","機械設計一"
"機械工程實驗(一)","機械工程實驗一"
"工廠管理","工廠管理"
"能源工程","能源工程"
"專題實作(三)","專題實作三"
"工具機專論","工具機專論"
"暑期校外專業實習","暑期校外專業實習"
"新科技之進化與應用(一)","新科技之進化與應用一"
"智慧機械專題實作","智慧機械專題實作"
"電子熱傳學","電子熱傳學"
"電腦輔助結構分析","電腦輔助結構分析"
"電腦輔助工程分析-ANSYS","電腦輔助工程分析-ANSYS"
"電工及電子學實驗","電工及電子學實驗"
"塑膠射出模流分析實務","塑膠射出模流分析實務"
"學期校外實習導論","學期校外實習導論"
"工具機主軸設計與分析","工具機主軸設計與分析"
"工業工程與系統管理概論","工業工程與系統管理概論"
"工程數學","工程數學"
"工程統計(一)實習","工程統計一實習"
"工作研究","工作研究"
"經濟學","經濟學"
"製造程序","製造程序"
"成本管理(一)","成本管理一"
"電工概論","電工概論"
"生產與作業管理","生產與作業管理"
"作業研究(一)","作業研究一"
"品質管制","品質管制"
"專業外語","專業外語"
"生產排程","生產排程"
"表現技法","表現技法"
"供應鏈管理導論","供應鏈管理導論"
"設施規劃","設施規劃"
"設施規劃實習","設施規劃實習"
"畢業專題","畢業專題"
"決策支援系統與企業智慧","決策支援系統與企業智慧"
"化學工程概論","化學工程概論"
"分析化學","分析化學"
"有機化學實驗(一)","有機化學實驗一"
"有機化學(一)","有機化學一"
"質能均衡","質能均衡"
"奈米技術概論","奈米技術概論"
"塗料化學","塗料化學"
"化工熱力學","化工熱力學"
"物理化學(二)","物理化學二"
"物理化學實驗(一)","物理化學實驗一"
"單元操作(二)","單元操作二"
"化工程序模擬","化工程序模擬"
"高分子工程","高分子工程"
"醱酵工程","醱酵工程"
"程序設計","程序設計"
"程序控制","程序控制"
"單元操作實驗(一)","單元操作實驗一"
"半導體材料","半導體材料"
"界面活性劑化學","界面活性劑化學"
"專題研究(二)","專題研究二"
"計算機程式語言","計算機程式語言"
"航太工程概論","航太工程概論"
"APPS程式設計","APPS程式設計"
"電子電路學","電子電路學"
"應用力學(二)","應用力學二"
"飛機次系統","飛機次系統"
"電腦輔助工程設計-CREO","電腦輔助工程設計-CREO"
"空氣動力學(一)","空氣動力學一"
"飛具結構學(一)","飛具結構學一"
"流體力學(二)","流體力學二"
"航太校外專業實習(一)","航太校外專業實習一"
"航太專題與實作(一)","航太專題與實作一"
"控制實驗(一)","控制實驗一"
"線性控制系統(二)","線性控制系統二"
"航行學","航行學"
"航太熱質傳學","航太熱質傳學"
"電腦輔助工程-ANSYS(一)","電腦輔助工程-ANSYS一"
"太空動力學","太空動力學"
"飛具設計(二)","飛具設計二"
"航太校外專業實習(二)","航太校外專業實習二"
"航太專題與實作(三)","航太專題與實作三"
"民用航空法及FAA民航法規","民用航空法及FAA民航法規"
"電腦輔助工程-CATIA","電腦輔助工程-CATIA"
"程式設計與應用","程式設計與應用"
"工程力學","工程力學"
"電腦輔助立體繪圖","電腦輔助立體繪圖"
"精密模具系統設計實務","精密模具系統設計實務"
"精密量測","精密量測"
"精密模具學","精密模具學"
"綠色產品設計","綠色產品設計"
"產業機械系統設計實務","產業機械系統設計實務"
"電控設計","電控設計"
"電控設計實驗","電控設計實驗"
"製造學","製造學"
"影像識別","影像識別"
"液氣壓動力系統","液氣壓動力系統"
"精密模具設計與製造(ㄧ)","精密模具設計與製造ㄧ"
"精密主軸設計與製造","精密主軸設計與製造"
"工具機模組設計與實務應用","工具機模組設計與實務應用"
"數位製造專題","數位製造專題"
"學年校外專業實習(一)","學年校外專業實習一"
"學年校外專業實習(二)","學年校外專業實習二"
"學年校外專業實習(三)","學年校外專業實習三"
"品牌創新與經營專題(一)","品牌創新與經營專題一"
"期權投資交易實務","期權投資交易實務"
"會計學(一)","會計學一"
"會計學(一)實習","會計學一實習"
"民法概要","民法概要"
"資訊網路","資訊網路"
"中級會計學(一)","中級會計學一"
"中級會計學(一)實習","中級會計學一實習"
"成本與管理會計(一)","成本與管理會計一"
"成本與管理會計(一)實習","成本與管理會計一實習"
"統計學(一)","統計學一"
"統計學(一)實習","統計學一實習"
"企業倫理","企業倫理"
"財政學","財政學"
"國際貿易與匯兌","國際貿易與匯兌"
"高等會計學(一)","高等會計學一"
"高等會計學(一)實習","高等會計學一實習"
"財務會計專題研究實習","財務會計專題研究實習"
"財務會計專題研究","財務會計專題研究"
"管理會計","管理會計"
"租稅申報實務","租稅申報實務"
"期貨與選擇權","期貨與選擇權"
"會計審計法規","會計審計法規"
"會計資訊系統(二)","會計資訊系統二"
"電腦審計","電腦審計"
"審計學(二)","審計學二"
"內部控制與鑑識會計","內部控制與鑑識會計"
"暑期校外專業實習(一)","暑期校外專業實習一"
"暑期校外專業實習(二)","暑期校外專業實習二"
"會計師業務實務","會計師業務實務"
"校外實習導論","校外實習導論"
"企業概論","企業概論"
"人力資源管理","人力資源管理"
"行銷管理","行銷管理"
"行為科學","行為科學"
"服務業行銷","服務業行銷"
"商業軟體應用(二)","商業軟體應用二"
"簡報技巧與溝通","簡報技巧與溝通"
"管理活用","管理活用"
"電子商務","電子商務"
"企業管理專題研究(一)","企業管理專題研究一"
"作業管理","作業管理"
"財務管理實習","財務管理實習"
"財務管理","財務管理"
"文化創意產業管理","文化創意產業管理"
"企業資源規劃實務(一)","企業資源規劃實務一"
"物流管理","物流管理"
"金融市場","金融市場"
"組織行為個案研究","組織行為個案研究"
"組織理論","組織理論"
"債券市場理論與實務","債券市場理論與實務"
"資料庫管理系統","資料庫管理系統"
"管理書信寫作","管理書信寫作"
"廣告管理","廣告管理"
"顧客關係管理","顧客關係管理"
"人際關係","人際關係"
"策略管理","策略管理"
"企業資源規劃實務(三)","企業資源規劃實務三"
"企業管理書報研討","企業管理書報研討"
"投資管理實務(一)","投資管理實務一"
"產業經營實務","產業經營實務"
"創業管理","創業管理"
"網路行銷","網路行銷"
"證券投資學","證券投資學"
"商業軟體應用","商業軟體應用"
"國際貿易實務(一)","國際貿易實務一"
"國際貿易理論與政策","國際貿易理論與政策"
"國際貿易實務(一)實習","國際貿易實務一實習"
"保險學","保險學"
"商業英文書信","商業英文書信"
"商用英文會話(一)","商用英文會話一"
"商事法","商事法"
"個體經濟學","個體經濟學"
"國際通路管理","國際通路管理"
"經濟問題分析","經濟問題分析"
"大陸與東協市場開發與通路管理","大陸與東協市場開發與通路管理"
"國際金融","國際金融"
"國際企業管理","國際企業管理"
"國際財務管理","國際財務管理"
"國際財務管理實習","國際財務管理實習"
"國際物流管理","國際物流管理"
"全球金融創新趨勢","全球金融創新趨勢"
"行銷研究","行銷研究"
"投資學","投資學"
"東亞台商與國際政治經濟","東亞台商與國際政治經濟"
"國際貿易展覽實務","國際貿易展覽實務"
"國貿英文(一)","國貿英文一"
"供應鏈管理","供應鏈管理"
"社會創新與企業社會責任","社會創新與企業社會責任"
"國際人力資源管理","國際人力資源管理"
"全球行銷管理","全球行銷管理"
"網路貿易與經營","網路貿易與經營"
"國際貿易經營管理","國際貿易經營管理"
"商用日文","商用日文"
"報關業務經營","報關業務經營"
"國際商務溝通","國際商務溝通"
"國際貿易操作實務","國際貿易操作實務"
"國際企業個案分析","國際企業個案分析"
"職場英文(一)","職場英文一"
"公民參與","公民參與"
"社會實踐","社會實踐"
"管理學","管理學"
"資訊素養作業三：資訊理論簡測","資訊素養作業三：資訊理論簡測"
"資訊素養作業四：實際參訪報告","資訊素養作業四：實際參訪報告"
"國際文化探索","國際文化探索"
"產業競爭分析","產業競爭分析"
"國際商業英文","國際商業英文"
"歐美經貿專題","歐美經貿專題"
"租稅法(一)","租稅法一"
"個體經濟學(一)","個體經濟學一"
"貨幣銀行學","貨幣銀行學"
"成本會計實習","成本會計實習"
"消費稅理論與制度","消費稅理論與制度"
"財產稅理論與制度","財產稅理論與制度"
"財政學(一)","財政學一"
"成本會計","成本會計"
"總體經濟學(一)","總體經濟學一"
"營利事業所得稅","營利事業所得稅"
"國際租稅","國際租稅"
"財稅專題","財稅專題"
"地方財政","地方財政"
"審計學","審計學"
"抽樣調查","抽樣調查"
"統計計算","統計計算"
"統計計算實習","統計計算實習"
"線性代數(一)","線性代數一"
"機率論","機率論"
"機率論實習","機率論實習"
"迴歸分析","迴歸分析"
"迴歸分析實習","迴歸分析實習"
"實驗設計","實驗設計"
"應用數理統計學(一)","應用數理統計學一"
"應用數理統計學(一)實習","應用數理統計學一實習"
"流行病學方法論","流行病學方法論"
"資料採礦","資料採礦"
"統計服務學習","統計服務學習"
"統計專題(一)","統計專題一"
"暑期校外專業實習(三)","暑期校外專業實習三"
"經濟書報導讀","經濟書報導讀"
"個體經濟學(一)實習","個體經濟學一實習"
"總體經濟學(一)實習","總體經濟學一實習"
"套裝軟體-OFFICE","套裝軟體-OFFICE"
"經濟數學(一)","經濟數學一"
"管理經濟學","管理經濟學"
"公共經濟學(一)","公共經濟學一"
"貨幣銀行學(一)","貨幣銀行學一"
"人力資源經濟學","人力資源經濟學"
"商業心理學","商業心理學"
"實驗經濟學","實驗經濟學"
"環境經濟學","環境經濟學"
"計量經濟學","計量經濟學"
"計量經濟學實習","計量經濟學實習"
"綜合專題研究","綜合專題研究"
"企業運作實務","企業運作實務"
"產業經濟學","產業經濟學"
"經濟成長","經濟成長"
"經濟學與心理學跨界探索","經濟學與心理學跨界探索"
"社會事業","社會事業"
"合作事業","合作事業"
"公民社會與第三部門","公民社會與第三部門"
"組織行為","組織行為"
"社會學","社會學"
"合作組織與管理","合作組織與管理"
"非營利組織與管理","非營利組織與管理"
"非營利事業經濟","非營利事業經濟"
"社會企業實務(一)","社會企業實務一"
"創新管理","創新管理"
"非營利與合作事業綜合研究(二)","非營利與合作事業綜合研究二"
"合作與非營利志願服務","合作與非營利志願服務"
"社區經營與管理","社區經營與管理"
"美學與產品創意","美學與產品創意"
"行銷表現工法","行銷表現工法"
"跨文化行銷溝通","跨文化行銷溝通"
"零售與通路經營","零售與通路經營"
"廣告與行銷溝通","廣告與行銷溝通"
"品牌與行銷文案設計","品牌與行銷文案設計"
"動態影像美學","動態影像美學"
"創意設計與意象","創意設計與意象"
"創意學","創意學"
"網路行銷與品牌發展","網路行銷與品牌發展"
"符號解碼與消費行為","符號解碼與消費行為"
"銷售推廣學","銷售推廣學"
"日本商情與策略","日本商情與策略"
"體驗與服務設計","體驗與服務設計"
"品牌關係經營實務專題","品牌關係經營實務專題"
"全球行銷與談判","全球行銷與談判"
"行銷分析與決策","行銷分析與決策"
"行銷企劃與商業決策","行銷企劃與商業決策"
"餐旅行銷管理","餐旅行銷管理"
"網頁設計及動畫","網頁設計及動畫"
"串媒體與品牌行銷","串媒體與品牌行銷"
"留學講座","留學講座"
"國際企業經營策略","國際企業經營策略"
"英文翻譯與寫作","英文翻譯與寫作"
"商業分析專題","商業分析專題"
"商學資料分析","商學資料分析"
"計算機概論實習","計算機概論實習"
"新鮮人專題","新鮮人專題"
"線性代數(一)實習","線性代數一實習"
"數學導論","數學導論"
"計算機程式","計算機程式"
"電腦實習","電腦實習"
"高等微積分(一)","高等微積分一"
"高等微積分(一)實習","高等微積分一實習"
"微分方程(一)","微分方程一"
"微分方程(一)實習","微分方程一實習"
"數學史","數學史"
"邏輯設計","邏輯設計"
"代數學(一)","代數學一"
"代數學(一)實習","代數學一實習"
"作業研究","作業研究"
"物件導向設計(一)","物件導向設計一"
"矩陣計算導論","矩陣計算導論"
"統計方法","統計方法"
"數理統計(一)","數理統計一"
"專題討論","專題討論"
"多媒體應用軟體","多媒體應用軟體"
"數學與金融實務","數學與金融實務"
"機率專題","機率專題"
"生物學","生物學"
"生物學實驗","生物學實驗"
"環境科學概論","環境科學概論"
"工程數學(一)實習","工程數學一實習"
"分析化學實驗","分析化學實驗"
"流體力學實習","流體力學實習"
"流體力學(一)","流體力學一"
"工程經濟","工程經濟"
"普通毒物學","普通毒物學"
"環境與能源","環境與能源"
"環境與衛生用藥","環境與衛生用藥"
"空氣污染學","空氣污染學"
"空氣污染學實驗","空氣污染學實驗"
"固體廢棄物","固體廢棄物"
"地下水概論","地下水概論"
"給水工程","給水工程"
"機電防護","機電防護"
"環境化學(一)","環境化學一"
"環境衛生學","環境衛生學"
"環境毒物學概論","環境毒物學概論"
"微生物學","微生物學"
"微生物學實驗","微生物學實驗"
"噪音與振動實驗","噪音與振動實驗"
"噪音與振動","噪音與振動"
"專題實作","專題實作"
"專題討論(一)","專題討論一"
"水處理設計與施工(一)","水處理設計與施工一"
"畢業論文","畢業論文"
"綜合實習","綜合實習"
"熱處理技術原理與設計","熱處理技術原理與設計"
"環工單元操作實驗","環工單元操作實驗"
"環境影響評估","環境影響評估"
"環境微生物","環境微生物"
"材料科學導論(一)","材料科學導論一"
"材料科學導論實習(一)","材料科學導論實習一"
"材料熱力學實習(一)","材料熱力學實習一"
"材料熱力學(一)","材料熱力學一"
"材料基礎實驗(一)","材料基礎實驗一"
"物理冶金學實習(一)","物理冶金學實習一"
"物理冶金學(一)","物理冶金學一"
"有機化學","有機化學"
"材料力學","材料力學"
"金屬材料學","金屬材料學"
"生醫材料","生醫材料"
"奈米科學概論","奈米科學概論"
"非破壞檢測","非破壞檢測"
"陶瓷材料製程與分析實驗","陶瓷材料製程與分析實驗"
"產學合作倫理","產學合作倫理"
"超硬材料與應用","超硬材料與應用"
"太陽能電池技術","太陽能電池技術"
"奈米能源材料合成應用實驗","奈米能源材料合成應用實驗"
"材料分析","材料分析"
"暑期專業實習","暑期專業實習"
"顯示器技術","顯示器技術"
"鑄造學","鑄造學"
"光電綜論","光電綜論"
"普通物理實習(一)","普通物理實習一"
"近代物理","近代物理"
"電磁學實習(一)","電磁學實習一"
"電磁學(一)","電磁學一"
"應用電子學(一)","應用電子學一"
"應用電子學實驗(一)","應用電子學實驗一"
"色彩工程學","色彩工程學"
"程式語言","程式語言"
"光學設計概論實習","光學設計概論實習"
"光學(二)","光學二"
"光學實驗(一)","光學實驗一"
"光學設計概論","光學設計概論"
"固態物理導論","固態物理導論"
"專題研究(一)","專題研究一"
"液晶導論","液晶導論"
"電磁波","電磁波"
"數位邏輯設計","數位邏輯設計"
"LED封裝與量測專題實作","LED封裝與量測專題實作"
"光纖光學專題實作","光纖光學專題實作"
"光學元件製作專題實作","光學元件製作專題實作"
"太陽電池概論","太陽電池概論"
"光偵測器原理與應用","光偵測器原理與應用"
"光纖通訊概論","光纖通訊概論"
"光干涉與檢測概論","光干涉與檢測概論"
"發光二極體原理與應用","發光二極體原理與應用"
"電漿沉積技術","電漿沉積技術"
"雷射加工專題實作","雷射加工專題實作"
"微光學元件與系統專題實作","微光學元件與系統專題實作"
"顯示器專題實作","顯示器專題實作"
"文章寫作(一)","文章寫作(一)"
"文字學(一)","文字學一"
"文學概論(一)","文學概論一"
"國學導讀","國學導讀"
"台灣人文概論","台灣人文概論"
"俗文學概論","俗文學概論"
"書法藝術創作","書法藝術創作"
"中國文學史(一)","中國文學史一"
"詩選及習作(一)","詩選及習作一"
"圖文編輯理論與實務","圖文編輯理論與實務"
"歷代文選及習作(一)","歷代文選及習作一"
"聲韻學","聲韻學"
"古文字與出土文獻選讀","古文字與出土文獻選讀"
"文創構圖與平面設計","文創構圖與平面設計"
"史記","史記"
"文物管理","文物管理"
"漢字文化學","漢字文化學"
"佛學概論","佛學概論"
"現代散文及習作","現代散文及習作"
"經學概論","經學概論"
"中國文學史(三)","中國文學史三"
"中國思想史(一)","中國思想史一"
"詞選及習作","詞選及習作"
"中古中國與域外文化","中古中國與域外文化"
"左傳","左傳"
"桌遊文創設計","桌遊文創設計"
"中國思想史(三)","中國思想史三"
"應用文","應用文"
"文學批評","文學批評"
"多媒體文學與視覺傳達","多媒體文學與視覺傳達"
"校外實習A組","校外實習A組"
"西洋文學概論(一)","西洋文學概論一"
"英語發音練習","英語發音練習"
"英文(一)","英文一"
"英文作文(一)","英文作文一"
"英文文法與修辭","英文文法與修辭"
"英語會話","英語會話"
"英文作文(三)","英文作文三"
"語言學概論(一)","語言學概論一"
"第二外語(一)-日文","第二外語一-日文"
"第二外語(一)-法文","第二外語一-法文"
"第二外語(一)-德文","第二外語一-德文"
"第二外語(一)-西班牙文","第二外語一-西班牙文"
"英國文學1600以前","英國文學1600以前"
"文學與地景","文學與地景"
"英語語言史","英語語言史"
"新聞英文閱讀","新聞英文閱讀"
"散文選讀","散文選讀"
"英語教學概論","英語教學概論"
"戲劇選讀","戲劇選讀"
"英語辯論","英語辯論"
"英文作文(五)","英文作文五"
"筆譯概論","筆譯概論"
"第二外語(三)-日文","第二外語三-日文"
"第二外語(三)-法文","第二外語三-法文"
"第二外語(三)-德文","第二外語三-德文"
"第二外語(三)-西班牙文","第二外語三-西班牙文"
"美國文學1865以前","美國文學1865以前"
"英國文學1800-1900","英國文學1800-1900"
"兒童與青少年文學","兒童與青少年文學"
"英詩選讀","英詩選讀"
"英語教學課程教材設計","英語教學課程教材設計"
"第二外語會話(一)-日文","第二外語會話一-日文"
"第二外語會話(一)-德文","第二外語會話一德文"
"外語文專題","外語文專題"
"英文媒體溝通","英文媒體溝通"
"畢業公演：演出與製作","畢業公演：演出與製作"
"歐洲文學1350-1800","歐洲文學1350-1800"
"英語教學實務","英語教學實務"
"日語聽力(一)","日語聽力一"
"口譯技巧演練","口譯技巧演練"
"筆譯技巧與習作","筆譯技巧與習作"
"商用英文","商用英文"
"物聯網入門","物聯網入門"
"R語言資料科學基石","R語言資料科學基石"
"機器人簡介","機器人簡介"
"計算機概論與實習(I)","計算機概論與實習I"
"計算機概論與實習(II)","計算機概論與實習II"
"線性代數","線性代數"
"資電概論與倫理","資電概論與倫理"
"資料結構實習","資料結構實習"
"資料結構","資料結構"
"離散數學","離散數學"
"作業系統(一)","作業系統一"
"產業實習導論","產業實習導論"
"專題產業實習","專題產業實習"
"電子學","電子學"
"電子學實驗","電子學實驗"
"數位系統設計","數位系統設計"
"數位系統設計實驗","數位系統設計實驗"
"物件導向設計","物件導向設計"
"物件導向設計實習","物件導向設計實習"
"軟體工程導論","軟體工程導論"
"Web程式設計","Web程式設計"
"通訊與網路概論","通訊與網路概論"
"密碼學","密碼學"
"編譯器","編譯器"
"嵌入式系統導論","嵌入式系統導論"
"資料庫系統","資料庫系統","資料庫","DB","DBMS"
"數位影像處理","數位影像處理"
"社群網路APP開發與應用","社群網路APP開發與應用"
"物件導向軟體工程","物件導向軟體工程"
"使用者經驗設計","使用者經驗設計"
"網路程式設計","網路程式設計"
"網路程式設計實習","網路程式設計實習"
"安全程式設計","安全程式設計"
"資訊安全管理","資訊安全管理"
"寬頻網路","寬頻網路"
"資料倉儲與資料挖掘","資料倉儲與資料挖掘"
"人工智慧與深度學習","人工智慧與深度學習"
"資訊與網路安全","資訊與網路安全"
"計算機概論(一)","計算機概論一"
"計算機概論實習(一)","計算機概論實習一"
"普通物理-電、磁、光","普通物理-電、磁、光"
"向量分析","向量分析"
"固態電子導論","固態電子導論"
"電子學(一)","電子學一"
"電子學實驗(一)","電子學實驗一"
"電路學(二)","電路學二"
"電子學(三)","電子學三"
"電子學實驗(三)","電子學實驗三"
"半導體物理","半導體物理"
"電磁學(二)","電磁學二"
"計算機結構學","計算機結構學"
"數位積體電路","數位積體電路"
"嵌入式系統","嵌入式系統"
"數值方法與分析","數值方法與分析"
"複變函數","複變函數"
"積體電路製程模擬","積體電路製程模擬"
"超大型積體電路製程(一)","超大型積體電路製程一"
"半導體元件模型","半導體元件模型"
"功率元件","功率元件"
"真空技術概論","真空技術概論"
"電子元件實務應用","電子元件實務應用"
"類比積體電路","類比積體電路"
"固態物理(二)","固態物理二"
"電工實驗","電工實驗"
"電力系統(一)","電力系統一"
"電機機械 (一)","電機機械 一"
"控制工程(一)","控制工程一"
"波動光學","波動光學"
"光學設計","光學設計"
"高頻電路概論","高頻電路概論"
"電波實驗","電波實驗"
"保護電驛","保護電驛"
"光纖元件","光纖元件"
"光電量測","光電量測"
"電磁波傳播","電磁波傳播"
"線性控制系統(一)","線性控制系統一"
"資訊素養作業六：電子書編寫","資訊素養作業六：電子書編寫"
"文明變遷","文明變遷"
"人體生理解剖學","人體生理解剖學"
"生醫工程導論","生醫工程導論"
"工程力學(一)","工程力學一"
"可程式控制(含實驗)","可程式控制含實驗"
"程式設計","程式設計"
"程式設計實習","程式設計實習"
"半導體原理","半導體原理"
"光機電工程(一)","光機電工程一"
"工程圖學(含實習)","工程圖學含實習"
"醫學量測","醫學量測"
"醫學影像系統","醫學影像系統"
"電機機械","電機機械"
"數位信號處理","數位信號處理"
"微光機電製程原理","微光機電製程原理"
"機電元件模擬","機電元件模擬"
"醫用電子","醫用電子"
"油氣壓工程應用","油氣壓工程應用"
"數位信號處理應用","數位信號處理應用"
"自動化系統設計","自動化系統設計"
"高頻及微波電路概論","高頻及微波電路概論"
"計算機網路實習","計算機網路實習"
"通訊協定與設計","通訊協定與設計"
"數位信號處理實驗","數位信號處理實驗"
"工程數學－微分方程","工程數學－微分方程"
"工程數學－機率論　　","工程數學－機率論　　"
"通訊系統","通訊系統"
"通訊系統實習","通訊系統實習"
"微處理機系統實習","微處理機系統實習"
"無線網路系統","無線網路系統"
"Android 程式設計","Android 程式設計"
"射頻通訊積體電路設計","射頻通訊積體電路設計"
"行動通訊","行動通訊"
"通訊科技專論","通訊科技專論"
"電磁相容實習","電磁相容實習"
"電磁相容導論","電磁相容導論"
"高頻電路設計","高頻電路設計"
"網宇實體系統與物聯網","網宇實體系統與物聯網"
"土木工程概論","土木工程概論"
"計算機程式設計","計算機程式設計"
"計算機實習","計算機實習"
"工程材料","工程材料"
"工程材料試驗","工程材料試驗"
"水文學","水文學"
"測量學","測量學"
"測量學實習","測量學實習"
"材料力學實習","材料力學實習"
"物業管理概論","物業管理概論"
"基礎工程","基礎工程"
"結構學(二)","結構學二"
"鋼筋混凝土(一)","鋼筋混凝土一"
"土壤動力學","土壤動力學"
"鋼結構檢測","鋼結構檢測"
"中等土壤力學","中等土壤力學"
"測量平差法","測量平差法"
"畢業設計(一)","畢業設計一"
"工程資訊管理導論","工程資訊管理導論"
"交通工程","交通工程"
"防震新科技","防震新科技"
"岩石力學","岩石力學"
"施工規劃及估價學","施工規劃及估價學"
"高等結構學","高等結構學"
"航空攝影測量","航空攝影測量"
"基樁設計與施工","基樁設計與施工"
"混凝土配合設計","混凝土配合設計"
"鋼筋混凝土房屋設計","鋼筋混凝土房屋設計"
"營建財務概論","營建財務概論"
"邊坡穩定與擋土牆","邊坡穩定與擋土牆"
"水利工程與資源保育概論","水利工程與資源保育概論"
"河川生態學","河川生態學"
"工程統計與軟體應用","工程統計與軟體應用"
"平面測量學實習(一)","平面測量學實習一"
"測量學(一)","測量學一"
"工程地質","工程地質"
"水污染防治","水污染防治"
"明渠水力學","明渠水力學"
"明渠水力學實習","明渠水力學實習"
"流體力學試驗","流體力學試驗"
"結構學","結構學"
"土壤沖蝕原理與控制","土壤沖蝕原理與控制"
"中等流體力學","中等流體力學"
"水土資源地理資訊系統應用","水土資源地理資訊系統應用"
"施工估價與規範","施工估價與規範"
"植生工程","植生工程"
"營建管理","營建管理"
"畢業專題研究","畢業專題研究"
"水利與水土保持法規","水利與水土保持法規"
"河川輸砂與觀測","河川輸砂與觀測"
"都市排水與模式應用","都市排水與模式應用"
"運輸學","運輸學"
"計算機程式－VB","計算機程式－VB"
"計算機程式－VB實習","計算機程式－VB實習"
"海運規劃與管理","海運規劃與管理"
"管理數學","管理數學"
"運輸經濟","運輸經濟"
"公路工程","公路工程"
"公路監理法規與實務","公路監理法規與實務"
"會計學","會計學"
"運輸場站經營與開發","運輸場站經營與開發"
"公民視野","公民視野"
"交通法規與政策","交通法規與政策"
"智慧型運輸系統","智慧型運輸系統"
"運輸規劃","運輸規劃"
"運輸規劃實習","運輸規劃實習"
"資訊素養作業七：影片拍攝剪輯","資訊素養作業七：影片拍攝剪輯"
"交通肇事鑑定實務","交通肇事鑑定實務"
"軌道交通電力工程","軌道交通電力工程"
"軌道交通車輛工程","軌道交通車輛工程"
"國際貿易理論與實務","國際貿易理論與實務"
"港埠經營與管理實務","港埠經營與管理實務"
"捷運工程實務","捷運工程實務"
"鐵道創意行銷","鐵道創意行銷"
"公路改善方案評估","公路改善方案評估"
"物流系統設計","物流系統設計"
"高速鐵路工程與管理實務","高速鐵路工程與管理實務"
"運輸計畫評估","運輸計畫評估"
"運輸企業實習","運輸企業實習"
"運輸管理實務實習","運輸管理實務實習"
"空間資訊概論","空間資訊概論"
"網際網路地理資訊系統","網際網路地理資訊系統"
"系統分析與設計","系統分析與設計"
"空間資訊應用實務","空間資訊應用實務"
"都市計畫與空間資訊實習(二)","都市計畫與空間資訊實習二"
"都市土地使用計畫","都市土地使用計畫"
"電子地圖","電子地圖"
"空間資訊庫規劃與設計","空間資訊庫規劃與設計"
"航空攝影及遙感測量","航空攝影及遙感測量"
"都市計畫與空間資訊實習(四)","都市計畫與空間資訊實習四"
"數值地形模型","數值地形模型"
"衛星大地測量","衛星大地測量"
"程式設計(二)","程式設計二"
"專業實務職場體驗實習","專業實務職場體驗實習"
"都市計畫與空間資訊實習(六)","都市計畫與空間資訊實習六"
"地籍測量","地籍測量"
"空間設計","空間設計"
"都市計畫概論","都市計畫概論"
"製圖學","製圖學"
"都市環境調查","都市環境調查"
"計量經濟","計量經濟"
"都市交通計畫","都市交通計畫"
"建築計畫與設計","建築計畫與設計"
"國土及都市資訊系統","國土及都市資訊系統"
"計畫分析方法","計畫分析方法"
"都市設計","都市設計"
"都市社會學","都市社會學"
"專業實習(一)","專業實習一"
"都市發展史","都市發展史"
"都市計畫行政","都市計畫行政"
"市中心計畫","市中心計畫"
"都市工程學","都市工程學"
"衝突管理概論","衝突管理概論"
"土地管理概論","土地管理概論"
"土地管理概論實習","土地管理概論實習"
"中華民國憲法","中華民國憲法"
"民法(一)","民法一"
"會計學實習","會計學實習"
"環境生態學","環境生態學"
"土地經濟學(一)","土地經濟學一"
"土地經濟學(一)實習","土地經濟學一實習"
"休閒與遊憩理論與實務","休閒與遊憩理論與實務"
"不動產市場分析","不動產市場分析"
"民法物權","民法物權"
"建築製圖","建築製圖"
"營建法規","營建法規"
"環境規劃與管理","環境規劃與管理"
"土地法(一)","土地法一"
"土地使用管制","土地使用管制"
"不動產估價","不動產估價"
"計量分析實習","計量分析實習"
"計量分析","計量分析"
"不動產經紀法規","不動產經紀法規"
"遙感探測學","遙感探測學"
"遊憩資源規劃","遊憩資源規劃"
"土地政策","土地政策"
"遊憩事業投資","遊憩事業投資"
"財務管理(一)","財務管理一"
"財務管理(一)實習","財務管理一實習"
"財務資訊系統","財務資訊系統"
"保險法","保險法"
"財務報表分析","財務報表分析"
"大陸金融與經濟分析","大陸金融與經濟分析"
"共同基金","共同基金"
"固定收益型有價證券","固定收益型有價證券"
"財務統計應用","財務統計應用"
"銀行法","銀行法"
"財務金融綜合研究","財務金融綜合研究"
"金融產業專業實習導論","金融產業專業實習導論"
"金融實務(一)","金融實務一"
"金融科技與大數據分析","金融科技與大數據分析"
"期貨與選擇權實務","期貨與選擇權實務"
"銀行實務","銀行實務"
"人壽保險","人壽保險"
"財產保險(一)","財產保險一"
"再保險","再保險"
"個人財務規劃","個人財務規劃"
"人身保險經營與管理","人身保險經營與管理"
"財產保險經營與管理","財產保險經營與管理"
"壽險數學","壽險數學"
"壽險數學實習","壽險數學實習"
"社會福利與保險","社會福利與保險"
"保險行銷","保險行銷"
"財產保險(二)","財產保險二"
"風險理財","風險理財"
"金融倫理","金融倫理"
"風險管理與保險專題研討","風險管理與保險專題研討"
"外匯實務","外匯實務"
"保險產業專業實習導論","保險產業專業實習導論"
"壽險核保與理賠","壽險核保與理賠"
"精算定價模型(一)","精算定價模型一"
"機率論(一)","機率論一"
"交易機制與交易者行為","交易機制與交易者行為"
"精算實務與軟體(一)","精算實務與軟體一"
"衍生性金融商品","衍生性金融商品"
"債券市場及應用","債券市場及應用"
"數據分析軟體","數據分析軟體"
"金融商品設計與開發","金融商品設計與開發"
"風險模型","風險模型"
"財務時間序列分析","財務時間序列分析"
"英文演講","英文演講"
"創新專題(1)","創新專題1"
"消費者行為","消費者行為"
"溝通技巧(3)","溝通技巧3"
"創新專題(3)","創新專題3"
"力學","力學"
"C結構化程式設計","C結構化程式設計"
"解析幾何與微積分I","解析幾何與微積分I"
"多變元微積分","多變元微積分"
"電路學(一)","電路學一"
"電子量測技術","電子量測技術"
"商學微積分","商學微積分"
"商業統計","商業統計"
"商業統計實習","商業統計實習"
"C++程式語言","C++程式語言"
"財務會計","財務會計"
"亞洲藝術","亞洲藝術"
"商業程式設計概論","商業程式設計概論"
"基礎物理(一)(含實驗)","基礎物理一含實驗"
"數據分析","數據分析"
"亞裔美國史(一)","亞裔美國史一"
"建築素描(一)","建築素描一"
"建築與環境概論","建築與環境概論"
"建築圖學(一)","建築圖學一"
"建築設計(一)","建築設計一"
"藝術概論","藝術概論"
"中國建築史","中國建築史"
"電腦輔助設計(一)","電腦輔助設計一"
"應用力學","應用力學"
"建築設計(三)","建築設計三"
"建築物理","建築物理"
"江南城鄉建築與室內景觀賞析","江南城鄉建築與室內景觀賞析"
"建築學專業英語","建築學專業英語"
"環境心理學","環境心理學"
"多媒材創作及技巧","多媒材創作及技巧"
"近代建築史","近代建築史"
"建築計劃","建築計劃"
"建築設計(五)","建築設計五"
"計算機輔助設計","計算機輔助設計"
"陽宅形法大要","陽宅形法大要"
"景觀植物","景觀植物"
"維也納都市與建築見習","維也納都市與建築見習"
"繪畫創作及技巧","繪畫創作及技巧"
"施工圖(二)","施工圖二"
"敷地計劃","敷地計劃"
"建築設計(七)","建築設計七"
"建築法規","建築法規"
"建築電腦表現法","建築電腦表現法"
"建築材料","建築材料"
"省能建築","省能建築"
"高效能建築實務","高效能建築實務"
"海外深度實習(一)","海外深度實習一"
"萊特建築學院實作學習","萊特建築學院實作學習"
"綠建築專論","綠建築專論"
"數位環境分析與理論閱讀","數位環境分析與理論閱讀"
"建築設計實習","建築設計實習"
"建築設計(九)","建築設計九"
"療癒景觀理論與案例分析","療癒景觀理論與案例分析"
"建築行政實務","建築行政實務"
"法律經濟學(一)","法律經濟學一"
"公平交易法","公平交易法"
"智慧財產權","智慧財產權"
"農村發展理論與實務","農村發展理論與實務"
"景觀與遊憩概論","景觀與遊憩概論"
"系統工程方法","系統工程方法"
"創意設計與工程實作","創意設計與工程實作"
"航空企業實務講座","航空企業實務講座"
"基礎航空器概論","基礎航空器概論"
"傳播概論","傳播概論"
"影像應用創作(一)","影像應用創作(一)"
"菁英口譯技巧","菁英口譯技巧"
"菁英職場英語","菁英職場英語"
"菁英英語聽講溝通技巧","菁英英語聽講溝通技巧"
"菁英英文閱讀及寫作","菁英英文閱讀及寫作"
"創業入門","創業入門"
"創業實作","創業實作"
"水資源環境規劃實務","水資源環境規劃實務"
"華人社會與文化","華人社會與文化"
"華語多媒體電腦輔助教學","華語多媒體電腦輔助教學"
"華語文教學導論","華語文教學導論"
"漢語語言學概論","漢語語言學概論"
"短篇小說選讀","短篇小說選讀"
"俄文(一)","俄文一"
"越南文(一)","越南文一"
"越南文(二)","越南文二"
"英語能力檢定考試策略與技巧(一)","英語能力檢定考試策略與技巧一"
"漫畫日語","漫畫日語"
"韓文(一)","韓文一"
"韓文(二)","韓文二"
"韓文(三)","韓文三"
"日文(一)","日文一"
"日文(二)","日文二"
"網路日文","網路日文"
"日語會話","日語會話"
"日語語法","日語語法"
"西班牙文(一)","西班牙文一"
"西班牙文(二)","西班牙文二"
"英文閱讀(一)","英文閱讀一"
"科技英文閱讀(一)","科技英文閱讀一"
"英文寫作(一)","英文寫作一"
"法文(一)","法文一"
"新聞英語閱讀","新聞英語閱讀"
"法文(二)","法文二"
"英語會話(一)","英語會話一"
"泰語(一)","泰語一"
"法文(三)","法文三"
"德文(一)","德文一"
"德文(三)","德文三"
"電子商務安全","電子商務安全"
"工業衛生","工業衛生"
"工業安全衛生法規","工業安全衛生法規"
"專案管理規劃與應用","專案管理規劃與應用"
"綠色能源概論","綠色能源概論"
"生質能源","生質能源"
"生質能源模廠操作","生質能源模廠操作"
"物聯網概論","物聯網概論"
"皮革成本管理","皮革成本管理"
"皮革機械與輸送系統","皮革機械與輸送系統"
"皮革產業專論","皮革產業專論"
"企業流程實務與ERP應用","企業流程實務與ERP應用"
"成衣生產與物料管理","成衣生產與物料管理"
"成衣設計與時尚規劃和行銷管理","成衣設計與時尚規劃和行銷管理"
"鞋業製程與業務行銷專業英文","鞋業製程與業務行銷專業英文"
"鞋類流行與設計","鞋類流行與設計"
"智慧軌道運輸概論","智慧軌道運輸概論"
"軌道土木建設工程導論","軌道土木建設工程導論"
"心理劇與自我成長","心理劇與自我成長"
"音樂、語言與大腦","音樂、語言與大腦"
"人生哲學","人生哲學"
"人造環境欣賞","人造環境欣賞"
"中國文物欣賞","中國文物欣賞"
"佛家思想","佛家思想"
"音樂欣賞","音樂欣賞"
"詩詞欣賞","詩詞欣賞"
"西洋美術賞析","西洋美術賞析"
"中國文化遺產及其藝術","中國文化遺產及其藝術"
"紀實影像解析","紀實影像解析"
"日本歷史與文化","日本歷史與文化"
"倫理價值與生命哲學","倫理價值與生命哲學"
"文學、電影DIY","文學、電影DIY"
"古典小說","古典小說"
"台灣文學","台灣文學"
"台灣民間信仰","台灣民間信仰"
"生死與哲學","生死與哲學"
"宗教與人生","宗教與人生"
"音樂與人生","音樂與人生"
"現代散文","現代散文"
"當代文學閱讀與寫作","當代文學閱讀與寫作"
"電影藝術專題講座　","電影藝術專題講座　"
"領導的藝術","領導的藝術"
"批判思考","批判思考"
"性別與醫學倫理","性別與醫學倫理"
"旅遊與多元學習	","旅遊與多元學習	"
"從風景繪畫看臺灣歷史","從風景繪畫看臺灣歷史"
"向儒道思想學情緒管理","向儒道思想學情緒管理"
"倫理思維與社會正義","倫理思維與社會正義"
"台灣環境與永續生活","台灣環境與永續生活"
"阿拉伯世界：生活與經貿","阿拉伯世界：生活與經貿"
"世界音樂賞析","世界音樂賞析"
"華語溝通(初級班)","華語溝通初級班"
"土地關懷之旅","土地關懷之旅"
"世界建築欣賞","世界建築欣賞"
"生命科學","生命科學"
"生活中之物理","生活中之物理"
"皮膚保養醫學","皮膚保養醫學"
"第三波戰爭之科技武器","第三波戰爭之科技武器"
"環境化學與環境生態","環境化學與環境生態"
"現代軍事學","現代軍事學"
"科學傳播概論","科學傳播概論"
"生活中的毒化物","生活中的毒化物"
"職業安全與衛生","職業安全與衛生"
"實用營養學","實用營養學"
"國防科技與產業發展","國防科技與產業發展"
"創新綠色科技","創新綠色科技"
"系統品質建模與挑戰","系統品質建模與挑戰"
"全球暖化與綠色環境設計","全球暖化與綠色環境設計"
"奈米科技與生活","奈米科技與生活"
"科學的發明與應用","科學的發明與應用"
"殺蟲劑與生活","殺蟲劑與生活"
"肇事科學鑑定實務","肇事科學鑑定實務"
"認識天然災害","認識天然災害"
"衛星科技應用","衛星科技應用"
"營養與健康","營養與健康"
"環境資源保育探索專題","環境資源保育探索專題"
"環境與公害","環境與公害"
"醫學與人生","醫學與人生"
"化粧品科學與生活時尚","化粧品科學與生活時尚"
"材料與生活","材料與生活"
"智慧城市與行動應用","智慧城市與行動應用"
"智慧城市無所不在的監測系統","智慧城市無所不在的監測系統"
"3D城市與數位校園","3D城市與數位校園"
"食品加工的秘密","食品加工的秘密"
"行政學","行政學"
"政治學","政治學"
"國際關係","國際關係"
"戀愛心理學","戀愛心理學"
"公民社會的政策參與","公民社會的政策參與"
"智慧財產之保護與實務","智慧財產之保護與實務"
"心理學整合與發展","心理學整合與發展"
"教育的理論與實踐","教育的理論與實踐"
"經濟與生活","經濟與生活"
"管理面面觀","管理面面觀"
"大陸問題研究","大陸問題研究"
"台灣社會文化變遷","台灣社會文化變遷"
"民法實用","民法實用"
"投資與理財","投資與理財"
"服務學習專題","服務學習專題"
"婚姻與家庭","婚姻與家庭"
"新聞與媒體","新聞與媒體"
"綠色環境與經濟","綠色環境與經濟"
"性別教育與服務-學習","性別教育與服務-學習"
"智慧城市競爭力","智慧城市競爭力"
"現代韓國社會和文化","現代韓國社會和文化"
"居住與城市研究","居住與城市研究"
"時間管理專題","時間管理專題"
"初階智慧型創新","初階智慧型創新"
"觀光美儀與國際禮儀","觀光美儀與國際禮儀"
"空間資訊與智慧生活","空間資訊與智慧生活"
"專案管理基礎知識培養","專案管理基礎知識培養"
"消費行為與新產品企劃","消費行為與新產品企劃"
"從空間看世界","從空間看世界"
"美好時光，社群聚場","美好時光，社群聚場"
"圓一場藝術家的夢","圓一場藝術家的夢"
"社區文化感動行銷","社區文化感動行銷"
"智慧的天空之眼","智慧的天空之眼"
"智慧綠台灣","智慧綠台灣"
"3D列印趨勢與應用","3D列印趨勢與應用"
"智慧定位-衛星導航","智慧定位-衛星導航"
"創業與創新","創業與創新"
"傳統藝術文化與技藝入門","傳統藝術文化與技藝入門"
"繪本藝術","繪本藝術"
"藝術、心靈與創造力","藝術、心靈與創造力"
"地理資訊系統應用到東南亞環境管理專題","地理資訊系統應用到東南亞環境管理專題"
"劇場實務","劇場實務"
"iOS APP程式設計","iOS APP程式設計"
"社會企業實作專題","社會企業實作專題"
"創業創意營運管理","創業創意營運管理"
"智慧生活與大數據物聯網應用","智慧生活與大數據物聯網應用"
"創意思考與文創產品設計","創意思考與文創產品設計"
"探討在台日商管理之文化差異問題","探討在台日商管理之文化差異問題"
"歌舞劇實作：夢想。夢?想!","歌舞劇實作：夢想。夢?想!"
"飛簷走跳東南亞","飛簷走跳東南亞"
"菊島創業家：服務設計實作","菊島創業家：服務設計實作"
"探險小尖兵-尋找「原」鄉的感動 部落文化深度探尋之旅","探險小尖兵-尋找「原」鄉的感動 部落文化深度探尋之旅"
"教學與學習專題-運算設計","教學與學習專題-運算設計"
"旅遊學習深呼吸","旅遊學習深呼吸"
"跨界社會創新實務","跨界社會創新實務"
"體育－武術","體育－武術"
"體育－流行熱舞MV","體育－流行熱舞MV"
"體育-彼拉提斯","體育-彼拉提斯"
"體育－健康與塑身","體育－健康與塑身"
"體育－手球","體育－手球"
"體育－太極十八式","體育－太極十八式"
"體育－攀岩","體育－攀岩"
"體育－民俗體育","體育－民俗體育"
"體育－瑜珈","體育－瑜珈"
"體育－強力塑身","體育－強力塑身"
"體育－飛輪有氧","體育－飛輪有氧"
"體育－羽球進階","體育－羽球進階"
"體育－飛盤","體育－飛盤"
"體育－桌球","體育－桌球"
"體育－軟式網球","體育－軟式網球"
"體育－硬式網球","體育－硬式網球"
"體育－國術(太極拳)","體育－國術太極拳"
"體育－排球","體育－排球"
"體育－游泳","體育－游泳"
"體育－籃球","體育－籃球"
"體育－爵士韻律流行舞","體育－爵士韻律流行舞"
"體育－高爾夫球","體育－高爾夫球"
"體育－防身術","體育－防身術"
"體育－羽球","體育－羽球"
"體育－階梯有氧運動","體育－階梯有氧運動"
"體育－韻律舞蹈","體育－韻律舞蹈"
"體育－適應體育班","體育－適應體育班"
"公民素養","公民素養"
"公民素養(法律知能)-資訊理論簡測","公民素養法律知能-資訊理論簡測"
"公民素養(社會知能)-實際參訪報告","公民素養社會知能-實際參訪報告"
"英文-自我介紹檔案","英文-自我介紹檔案"
"計算機概論與實習(III)","計算機概論與實習III"
"計算機概論與實習(IV)","計算機概論與實習IV"
"資訊素養作業五：自我介紹檔案","資訊素養作業五：自我介紹檔案"
"文明史","文明史"
"文明史-資料蒐集報告","文明史-資料蒐集報告"
"微積分(二)實習","微積分二實習"
"微積分(二)","微積分二"
"大一英文(一)初級","大一英文一初級"
"大一英文(一)中級","大一英文一中級"
"大一英文(一)中高級","大一英文一中高級"
"大一英文(一)高級","大一英文一高級"
"大一日文(一)","大一日文一"
"英文(一)初級","英文一初級"
"英文(一)中級","英文一中級"
"英文(一)中高級","英文一中高級"
"大二進階日文(一)","大二進階日文一"
"英文能力檢定","英文能力檢定"
"全民國防","全民國防"
"國防政策","國防政策"
"防衛動員","防衛動員"
"教學學習實務(二)","教學學習實務二"
"體育(二)","體育二"
"大學國文(二)","大學國文二"
"溝通表達技巧(二)","溝通表達技巧二"
"經濟學(二)","經濟學二"
"經濟學(二)實習","經濟學二實習"
"台灣社會與文化","台灣社會與文化"
"普通化學(二)","普通化學二"
"普通化學實驗(二)","普通化學實驗二"
"普通物理(二)","普通物理二"
"普通物理實驗(二)","普通物理實驗二"
"纖維複合材料概論","纖維複合材料概論"
"全民國防教育軍事訓練(二)","全民國防教育軍事訓練二"
"工程數學(二)","工程數學二"
"織品製程(二)","織品製程二"
"電腦輔助工程繪圖(二)","電腦輔助工程繪圖二"
"複合材料學","複合材料學"
"纖維化學(二)","纖維化學二"
"纖維材料學","纖維材料學"
"織品製程實習(二)","織品製程實習二"
"紗線製程實習(二)","紗線製程實習二"
"人造纖維工程(二)","人造纖維工程二"
"高分子加工","高分子加工"
"機動學","機動學"
"材料力學(二)","材料力學二"
"高分子物理","高分子物理"
"複合材料實習(一)","複合材料實習一"
"複合材料力學","複合材料力學"
"纖維物理(二)","纖維物理二"
"纖維整理製程(一)","纖維整理製程一"
"智慧紡織品","智慧紡織品"
"纖維與高分子材料實習","纖維與高分子材料實習"
"高等工程數學(二)","高等工程數學二"
"有機光電材料概論","有機光電材料概論"
"成衣設計與製程(二)","成衣設計與製程二"
"綠色能源材料概論","綠色能源材料概論"
"學期校外專業實習(一)","學期校外專業實習一"
"學期校外專業實習(二)","學期校外專業實習二"
"學期校外專業實習(三)","學期校外專業實習三"
"纖維製品評估","纖維製品評估"
"工廠加工實務(二)","工廠加工實務二"
"工程圖學(二)","工程圖學二"
"工程材料學(二)","工程材料學二"
"工程材料學實驗","工程材料學實驗"
"電工學","電工學"
"熱力學(二)","熱力學二"
"機動學(二)","機動學二"
"專題實作(二)","專題實作二"
"熱傳學","熱傳學"
"機械製造(二)","機械製造二"
"機械設計(二)","機械設計二"
"機械工程實驗(二)","機械工程實驗二"
"非破壞性檢驗","非破壞性檢驗"
"流體動力學","流體動力學"
"陶瓷材料學","陶瓷材料學"
"控制系統(二)","控制系統二"
"新製造技術","新製造技術"
"智慧機械整合技術","智慧機械整合技術"
"電腦輔助機械設計-ANSYS","電腦輔助機械設計-ANSYS"
"電腦輔助設計","電腦輔助設計"
"雷射工程導論","雷射工程導論"
"數值分析","數值分析"
"機電整合","機電整合"
"鑄造學與CAE應用","鑄造學與CAE應用"
"奈米材料與奈米元件概論","奈米材料與奈米元件概論"
"新科技之進化與應用(二)","新科技之進化與應用二"
"電腦輔助設計軟體在工業4.0上的應用","電腦輔助設計軟體在工業4.0上的應用"
"精密機械設計與製造實務","精密機械設計與製造實務"
"精密模具設計與製造","精密模具設計與製造"
"熱處理與自動化設備","熱處理與自動化設備"
"齒輪幾何設計","齒輪幾何設計"
"工業會計學","工業會計學"
"應用程式設計","應用程式設計"
"創新與研發管理","創新與研發管理"
"工程統計(二)","工程統計二"
"工程統計(二)實習","工程統計二實習"
"資料庫設計","資料庫設計"
"可靠度工程","可靠度工程"
"全球運籌管理","全球運籌管理"
"自動生產系統","自動生產系統"
"人因工程實驗","人因工程實驗"
"人因工程","人因工程"
"作業研究(二)","作業研究二"
"專案管理導論","專案管理導論"
"品保制度與管理","品保制度與管理"
"製造系統工程","製造系統工程"
"製造技術專題","製造技術專題"
"工業自動化","工業自動化"
"品質機能展開","品質機能展開"
"下世代產業發展概論","下世代產業發展概論"
"套裝軟體","套裝軟體"
"有機化學實驗(二)","有機化學實驗二"
"物理化學(一)","物理化學一"
"單元操作(一)","單元操作一"
"尖端材料概論","尖端材料概論"
"高分子化學概論","高分子化學概論"
"化學反應工程","化學反應工程"
"物理化學實驗(二)","物理化學實驗二"
"專題研究與實作(一)","專題研究與實作一"
"單元操作(三)","單元操作三"
"儀器分析","儀器分析"
"界面活性劑應用","界面活性劑應用"
"高分子電子材料","高分子電子材料"
"單元操作實驗(二)","單元操作實驗二"
"化學工業安全","化學工業安全"
"奈米材料模擬","奈米材料模擬"
"觸媒化學","觸媒化學"
"航太英文","航太英文"
"MATLAB語言與應用","MATLAB語言與應用"
"LabVIEW程式語言與應用","LabVIEW程式語言與應用"
"航太材料學","航太材料學"
"電腦輔助工程-NASTRAN","電腦輔助工程-NASTRAN"
"綠能科技與產業應用","綠能科技與產業應用"
"系統工程與管理","系統工程與管理"
"飛具設計(一)","飛具設計一"
"飛行力學(一)","飛行力學一"
"航太工程實驗","航太工程實驗"
"航太專題與實作(二)","航太專題與實作二"
"熱流實驗","熱流實驗"
"噴射推進","噴射推進"
"飛航管制學","飛航管制學"
"飛機操作及通話程序","飛機操作及通話程序"
"控制實驗(二)","控制實驗二"
"火箭推進原理與設計","火箭推進原理與設計"
"航太專案管理與整合","航太專案管理與整合"
"航空氣象與天文學","航空氣象與天文學"
"工程材料學","工程材料學"
"系統設計概論與工程倫理","系統設計概論與工程倫理"
"電路電子學","電路電子學"
"控制系統","控制系統"
"電腦輔助設計製圖","電腦輔助設計製圖"
"工具機系統設計實務","工具機系統設計實務"
"機構學","機構學"
"工具機原理與設計","工具機原理與設計"
"電腦輔助工程分析","電腦輔助工程分析"
"精密傳動系統","精密傳動系統"
"精密數控加工","精密數控加工"
"精密系統設計","精密系統設計"
"精密系統設計專題實作","精密系統設計專題實作"
"熱流學","熱流學"
"電腦輔助模流分析","電腦輔助模流分析"
"精密模具設計與製造(二)","精密模具設計與製造二"
"工業設計","工業設計"
"學年校外專業實習(四)","學年校外專業實習四"
"學年校外專業實習(五)","學年校外專業實習五"
"學年校外專業實習(六)","學年校外專業實習六"
"創新管理與企業家精神","創新管理與企業家精神"
"跨國企業策略與文化","跨國企業策略與文化"
"電子商務與大數據","電子商務與大數據"
"學術寫作與商業報告","學術寫作與商業報告"
"套裝軟體-EXCEL","套裝軟體-EXCEL"
"會計學(二)","會計學二"
"會計學(二)實習","會計學二實習"
"公司及票據法","公司及票據法"
"中級會計學(二)","中級會計學二"
"中級會計學(二)實習","中級會計學二實習"
"成本與管理會計(二)","成本與管理會計二"
"成本與管理會計(二)實習","成本與管理會計二實習"
"租稅法","租稅法"
"統計學(二)","統計學二"
"統計學(二)實習","統計學二實習"
"高等會計學(二)","高等會計學二"
"高等會計學(二)實習","高等會計學二實習"
"會計資訊系統(一)","會計資訊系統一"
"審計學(一)","審計學一"
"政府會計","政府會計"
"商業會計法","商業會計法"
"租稅規劃","租稅規劃"
"綠色會計實作專題","綠色會計實作專題"
"企業評價","企業評價"
"企業實習","企業實習"
"管理資訊系統","管理資訊系統"
"商業軟體應用(一)","商業軟體應用一"
"管理與統計","管理與統計"
"管理科學","管理科學"
"管理科學實習","管理科學實習"
"人力資源管理個案研究","人力資源管理個案研究"
"公共關係","公共關係"
"休閒事業管理","休閒事業管理"
"行銷管理個案研究","行銷管理個案研究"
"企業電子化","企業電子化"
"管理心理學","管理心理學"
"管理英文","管理英文"
"企業倫理與社會責任","企業倫理與社會責任"
"企業管理專題研究(二)","企業管理專題研究二"
"人力資源發展","人力資源發展"
"文化創意經營策略","文化創意經營策略"
"企業資源規劃實務(二)","企業資源規劃實務二"
"投資組合管理","投資組合管理"
"作業管理個案研究","作業管理個案研究"
"財務管理個案研究","財務管理個案研究"
"資訊管理個案研究","資訊管理個案研究"
"職場英文","職場英文"
"產業與競爭分析","產業與競爭分析"
"行銷企劃實務","行銷企劃實務"
"企業管理實務","企業管理實務"
"企業管理專業實習","企業管理專業實習"
"投資管理實務(二)","投資管理實務二"
"流通管理","流通管理"
"綠色企業與創業","綠色企業與創業"
"職場實務","職場實務"
"國際貿易與經營導論","國際貿易與經營導論"
"國際貿易實務(二)","國際貿易實務二"
"國際貿易實務(二)實習","國際貿易實務二實習"
"全球化經濟與貿易分析","全球化經濟與貿易分析"
"服務行銷","服務行銷"
"商業英文簡報","商業英文簡報"
"商用英文會話(二)","商用英文會話二"
"國際農產物流管理","國際農產物流管理"
"總體經濟學","總體經濟學"
"大陸與東協經貿法","大陸與東協經貿法"
"大中華與全球政治經濟","大中華與全球政治經濟"
"商業溝通","商業溝通"
"國際貿易法","國際貿易法"
"國貿英文(二)","國貿英文二"
"WTO與兩岸經貿","WTO與兩岸經貿"
"貨物運輸保險實務","貨物運輸保險實務"
"跨國經營文化溝通","跨國經營文化溝通"
"跨文化領導","跨文化領導"
"財報分析實務","財報分析實務"
"大陸與東協台商管理實務","大陸與東協台商管理實務"
"大陸與東協台商資金管理","大陸與東協台商資金管理"
"海外實習導論","海外實習導論"
"面試英文","面試英文"
"國際廣告策略","國際廣告策略"
"國際市場開發與管理","國際市場開發與管理"
"國際企業併購","國際企業併購"
"專業實習","專業實習"
"國際付款條件個案討論","國際付款條件個案討論"
"國際企業概論","國際企業概論"
"英語聽講訓練","英語聽講訓練"
"國際觀與全球視野","國際觀與全球視野"
"國際金融市場與投資","國際金融市場與投資"
"亞太經貿專題","亞太經貿專題"
"英文專業書報研讀","英文專業書報研讀"
"產業與策略管理個案研討","產業與策略管理個案研討"
"財稅概論","財稅概論"
"租稅原理","租稅原理"
"租稅法(二)","租稅法二"
"個體經濟學(二)","個體經濟學二"
"記帳相關法規","記帳相關法規"
"所得稅理論與制度","所得稅理論與制度"
"財政學(二)","財政學二"
"管理會計實習","管理會計實習"
"大陸租稅","大陸租稅"
"土地稅","土地稅"
"租稅實習","租稅實習"
"統計資料分析","統計資料分析"
"資料庫管理","資料庫管理"
"線性代數(二)","線性代數二"
"多變量分析","多變量分析"
"統計預測方法","統計預測方法"
"統計預測方法實習","統計預測方法實習"
"應用數理統計學(二)","應用數理統計學二"
"應用數理統計學(二)實習","應用數理統計學二實習"
"保險數學","保險數學"
"機器學習","機器學習"
"個體經濟學(二)實習","個體經濟學二實習"
"總體經濟學(二)","總體經濟學二"
"總體經濟學(二)實習","總體經濟學二實習"
"行為經濟學","行為經濟學"
"資料探勘","資料探勘"
"金融操作實務","金融操作實務"
"家計經濟學","家計經濟學"
"貨幣銀行學(二)","貨幣銀行學二"
"賽局與經濟","賽局與經濟"
"實證方法與應用","實證方法與應用"
"合作經濟學","合作經濟學"
"心理學","心理學"
"合作經濟思想史","合作經濟思想史"
"專案管理","專案管理"
"合作與非營利事業法規","合作與非營利事業法規"
"社會資本","社會資本"
"非營利與合作事業綜合研究(一)","非營利與合作事業綜合研究一"
"服務業管理","服務業管理"
"社會企業實務(二)","社會企業實務二"
"國際企業文化","國際企業文化"
"綠色營造與社區永續","綠色營造與社區永續"
"公司財務","公司財務"
"社會事業經營管理專業實習","社會事業經營管理專業實習"
"行銷意象工程","行銷意象工程"
"行銷印象與形式展現","行銷印象與形式展現"
"影像創作與視覺行銷","影像創作與視覺行銷"
"品牌與時尚學","品牌與時尚學"
"產品設計與定價策略","產品設計與定價策略"
"敘事視覺化","敘事視覺化"
"茶道與生活空間之美","茶道與生活空間之美"
"視覺傳達與品牌識別","視覺傳達與品牌識別"
"虛實通路與超媒體設計","虛實通路與超媒體設計"
"化妝品設計與風格","化妝品設計與風格"
"行銷研究與田野調查","行銷研究與田野調查"
"品牌設計與行銷企劃","品牌設計與行銷企劃"
"品牌設計與行銷企劃實習","品牌設計與行銷企劃實習"
"日本企業美文化與行銷","日本企業美文化與行銷"
"服務流程與葡萄酒禮儀","服務流程與葡萄酒禮儀"
"品牌識別設計","品牌識別設計"
"通路全球化管理","通路全球化管理"
"網頁設計與內容行銷","網頁設計與內容行銷"
"品牌行銷企業實習","品牌行銷企業實習"
"策略行銷管理","策略行銷管理"
"世界市場與中國社會","世界市場與中國社會"
"國際企業專題","國際企業專題"
"國際行銷管理","國際行銷管理"
"大中華公司治理","大中華公司治理"
"資訊管理","資訊管理"
"留學與國際文化專題研討","留學與國際文化專題研討"
"線性代數(二)實習","線性代數二實習"
"分析導論","分析導論"
"高等微積分(二)","高等微積分二"
"高等微積分(二)實習","高等微積分二實習"
"統計學","統計學"
"統計學實習","統計學實習"
"數值分析(一)","數值分析一"
"數值分析(一)實習","數值分析一實習"
"微分方程(二)","微分方程二"
"複利數學","複利數學"
"演算法分析","演算法分析"
"離散數學實習","離散數學實習"
"物件導向設計(二)","物件導向設計二"
"數理統計(二)","數理統計二"
"數學軟體","數學軟體"
"多媒體進階應用","多媒體進階應用"
"專業實習(二)","專業實習二"
"統計專題","統計專題"
"數學與金融企業實務","數學與金融企業實務"
"模擬專題","模擬專題"
"普通化學實驗","普通化學實驗"
"環境工程概論","環境工程概論"
"環境生物學","環境生物學"
"工程數學(二)實習","工程數學二實習"
"水質分析","水質分析"
"水質分析實驗","水質分析實驗"
"環境土壤學","環境土壤學"
"大氣環境導論","大氣環境導論"
"生物統計","生物統計"
"防火防爆","防火防爆"
"風險評估","風險評估"
"環境變遷與永續發展","環境變遷與永續發展"
"生態學","生態學"
"污水工程","污水工程"
"有害廢棄物管理","有害廢棄物管理"
"毒化物管理概論","毒化物管理概論"
"廢棄物處理與土壤污染實驗","廢棄物處理與土壤污染實驗"
"儀器分析實驗","儀器分析實驗"
"環境化學(二)","環境化學二"
"工業與環境毒物學","工業與環境毒物學"
"綠色工程","綠色工程"
"廢棄物資源化技術概論","廢棄物資源化技術概論"
"環境專業實習","環境專業實習"
"環安衛管理實務","環安衛管理實務"
"材料科學導論(二)","材料科學導論二"
"材料科學導論實習(二)","材料科學導論實習二"
"材料熱力學實習(二)","材料熱力學實習二"
"材料熱力學(二)","材料熱力學二"
"材料基礎實驗(二)","材料基礎實驗二"
"物理冶金學實習(二)","物理冶金學實習二"
"物理冶金學(二)","物理冶金學二"
"金屬加工與熱處理","金屬加工與熱處理"
"高分子材料學","高分子材料學"
"X光繞射原理","X光繞射原理"
"光電材料學","光電材料學"
"先進光學鍍膜實驗","先進光學鍍膜實驗"
"奈米粉體製程實驗","奈米粉體製程實驗"
"智能薄膜製程與量測實驗","智能薄膜製程與量測實驗"
"微電薄膜之生長及分析實驗","微電薄膜之生長及分析實驗"
"微電子製造技術","微電子製造技術"
"薄膜技術","薄膜技術"
"特殊合金","特殊合金"
"透明導電氧化物薄膜製程實驗","透明導電氧化物薄膜製程實驗"
"綠色能源材料","綠色能源材料"
"儲能材料及元件","儲能材料及元件"
"航空材料學","航空材料學"
"機能性表面處理","機能性表面處理"
"基礎光電工程數學","基礎光電工程數學"
"普通物理實習(二)","普通物理實習二"
"光學(一)","光學一"
"電磁學實習(二)","電磁學實習二"
"應用電子學(二)","應用電子學二"
"應用電子學實驗(二)","應用電子學實驗二"
"分子光譜模擬與分析","分子光譜模擬與分析"
"光電數值方法","光電數值方法"
"科學儀器學","科學儀器學"
"量子力學導論","量子力學導論"
"光學實驗(二)","光學實驗二"
"光電半導體元件導論","光電半導體元件導論"
"雷射與光子學導論","雷射與光子學導論"
"光顯示器概論","光顯示器概論"
"光纖元件與應用概論","光纖元件與應用概論"
"光學鍍膜概論","光學鍍膜概論"
"微處理器系統","微處理器系統"
"全像原理與應用","全像原理與應用"
"固態照明技術","固態照明技術"
"雷射加工原理與應用","雷射加工原理與應用"
"文章寫作(二)","文章寫作(二)"
"文字學(二)","文字學二"
"文學概論(二)","文學概論二"
"唐代文化概論","唐代文化概論"
"四書","四書"
"文化創意理論與實務","文化創意理論與實務"
"現代文學導讀","現代文學導讀"
"語言學概論","語言學概論"
"中國文學史(二)","中國文學史二"
"詩選及習作(二)","詩選及習作二"
"簡報設計理論與實務","簡報設計理論與實務"
"歷代文選及習作(二)","歷代文選及習作二"
"神話與傳說","神話與傳說"
"國畫藝術創作","國畫藝術創作"
"現代小說及習作","現代小說及習作"
"陶謝詩","陶謝詩"
"應用修辭學","應用修辭學"
"中國思想史(二)","中國思想史二"
"曲選及習作","曲選及習作"
"日本漢學","日本漢學"
"宋明理學","宋明理學"
"訓詁學","訓詁學"
"應用美學","應用美學"
"禮記","禮記"
"篆刻藝術創作","篆刻藝術創作"
"唐代石刻文獻","唐代石刻文獻"
"文心雕龍","文心雕龍"
"廣告文案","廣告文案"
"西洋文學概論(二)","西洋文學概論二"
"英語聽講練習","英語聽講練習"
"英文(二)","英文二"
"英文作文(二)","英文作文二"
"文學作品導讀","文學作品導讀"
"字彙與閱讀技巧","字彙與閱讀技巧"
"電腦輔助英語學習","電腦輔助英語學習"
"英語演說","英語演說"
"英文作文(四)","英文作文四"
"語言學概論(二)","語言學概論二"
"第二外語(二)-德文","第二外語二-德文"
"第二外語(二)-西班牙文","第二外語二-西班牙文"
"第二外語(二)-日文","第二外語二-日文"
"第二外語(二)-法文","第二外語二-法文"
"英國文學1600-1800","英國文學1600-1800"
"小說選讀","小說選讀"
"英文成語與修辭策略","英文成語與修辭策略"
"英語教學教法","英語教學教法"
"新聞英文寫作","新聞英文寫作"
"英文作文(六)","英文作文六"
"口譯概論","口譯概論"
"高階英文","高階英文"
"第二外語(四)-日文","第二外語四-日文"
"第二外語(四)-法文","第二外語四-法文"
"第二外語(四)-德文","第二外語四-德文"
"第二外語(四)-西班牙文","第二外語四-西班牙文"
"美國文學1865以後","美國文學1865以後"
"英國文學1900以後","英國文學1900以後"
"女性作家選讀","女性作家選讀"
"句法學","句法學"
"西洋文化史","西洋文化史"
"畢業公演：名劇導讀與劇場實務","畢業公演：名劇導讀與劇場實務"
"第二外語會話(二)-日文","第二外語會話二-日文"
"第二外語會話(二)-德文","第二外語會話二-德文"
"語言與文化","語言與文化"
"英美文學專論","英美文學專論"
"旅遊英文","旅遊英文"
"莎士比亞","莎士比亞"
"國際事務英文","國際事務英文"
"歐洲文學1800以後","歐洲文學1800以後"
"口譯應用","口譯應用"
"筆譯應用","筆譯應用"
"商用英語會話","商用英語會話"
"實用日語","實用日語"
"中英會展口譯","中英會展口譯"
"Python程式設計與應用","Python程式設計與應用"
"MATLAB程式設計概論","MATLAB程式設計概論"
"普通物理-電、磁、光實驗","普通物理-電、磁、光實驗"
"邏輯設計實習","邏輯設計實習"
"系統程式","系統程式"
"計算機演算法","計算機演算法"
"人工智慧概論與實務","人工智慧概論與實務"
"校外專業實習(寒)","校外專業實習寒"
"校外專業實習","校外專業實習"
"微處理機系統","微處理機系統"
"數位信號處理導論","數位信號處理導論"
"UNIX應用與實務","UNIX應用與實務"
"行動應用程式開發","行動應用程式開發"
"組合數學","組合數學"
"互連網路","互連網路"
"作業系統(二)","作業系統二"
"雲端應用系統開發","雲端應用系統開發"
"軟體品質保證與軟體測試","軟體品質保證與軟體測試"
"系統安全","系統安全"
"計算機概論(二)","計算機概論二"
"計算機概論實習(二)","計算機概論實習二"
"電子學(二)","電子學二"
"電子學實驗(二)","電子學實驗二"
"電子材料","電子材料"
"積體電路導論","積體電路導論"
"超大型積體電路設計工具應用","超大型積體電路設計工具應用"
"半導體元件","半導體元件"
"奈米應用概論","奈米應用概論"
"金氧半元件","金氧半元件"
"量子物理","量子物理"
"超大型積體電路設計導論","超大型積體電路設計導論"
"介面設計","介面設計"
"信號與系統","信號與系統"
"數位信號處理晶片應用","數位信號處理晶片應用"
"超大型積體電路製程(二)","超大型積體電路製程二"
"元件可靠度概論","元件可靠度概論"
"半導體實驗與量測","半導體實驗與量測"
"半導體工程","半導體工程"
"積體電路元件模擬","積體電路元件模擬"
"感測元件","感測元件"
"電子電路設計實務","電子電路設計實務"
"微波元件","微波元件"
"能源轉換","能源轉換"
"幾何光學","幾何光學"
"色彩學","色彩學"
"電波工程概論","電波工程概論"
"電力系統 (二)","電力系統 二"
"電機機械 (二)","電機機械 二"
"電力電子","電力電子"
"電磁干擾概論","電磁干擾概論"
"光電工程","光電工程"
"光纖工程","光纖工程"
"基礎光電實驗","基礎光電實驗"
"工業配電","工業配電"
"基礎科技英文","基礎科技英文"
"紅外線工程","紅外線工程"
"微波積體電路導論","微波積體電路導論"
"天線原理","天線原理"
"工程力學(二)","工程力學二"
"量度工程","量度工程"
"光機電工程(二)","光機電工程二"
"生醫信號處理","生醫信號處理"
"臨床工程","臨床工程"
"伺服控制(含實驗)","伺服控制含實驗"
"油氣壓控制工程","油氣壓控制工程"
"校外專業實習(暑一)","校外專業實習暑一"
"科技英文","科技英文"
"光機電系統設計","光機電系統設計"
"系統模擬","系統模擬"
"機械人工學","機械人工學"
"生醫工程專論","生醫工程專論"
"醫療器材專論","醫療器材專論"
"自動光學檢測","自動光學檢測"
"非線性控制系統","非線性控制系統"
"最佳化理論","最佳化理論"
"通訊原理與應用","通訊原理與應用"
"消息理論與編碼","消息理論與編碼"
"高頻及微波電路實習","高頻及微波電路實習"
"嵌入式系統設計","嵌入式系統設計"
"電信交換工程","電信交換工程"
"影像處理導論","影像處理導論"
"JAVA程式語言","JAVA程式語言"
"通訊電子學","通訊電子學"
"數位通訊系統","數位通訊系統"
"數位通訊系統實習","數位通訊系統實習"
"數位濾波器","數位濾波器"
"天線工程導論","天線工程導論"
"計算機程式－FORTRAN實習","計算機程式－FORTRAN實習"
"計算機程式－FORTRAN","計算機程式－FORTRAN"
"工程倫理","工程倫理"
"土壤力學","土壤力學"
"土壤力學試驗","土壤力學試驗"
"地形測量","地形測量"
"地形測量實習","地形測量實習"
"結構學(一)","結構學一"
"住宅健診","住宅健診"
"混凝土品質控制與檢驗","混凝土品質控制與檢驗"
"鋼筋混凝土(二)","鋼筋混凝土二"
"大地測量","大地測量"
"非破壞檢測概論","非破壞檢測概論"
"建築物檢測科技","建築物檢測科技"
"飛灰混凝土","飛灰混凝土"
"量測系統學","量測系統學"
"電腦在土木工程之應用","電腦在土木工程之應用"
"鋼結構設計","鋼結構設計"
"中等基礎工程","中等基礎工程"
"智慧城市與土木工程","智慧城市與土木工程"
"工程爭議調解仲裁實務","工程爭議調解仲裁實務"
"工程測量","工程測量"
"土木專業實習","土木專業實習"
"公路設計","公路設計"
"耐震設計","耐震設計"
"施工學","施工學"
"預力混凝土橋樑設計","預力混凝土橋樑設計"
"平面測量學實習(二)","平面測量學實習二"
"測量學(二)","測量學二"
"集水區經營","集水區經營"
"數值分析與微分方程解析","數值分析與微分方程解析"
"水域環境生態保育","水域環境生態保育"
"水土保持工程","水土保持工程"
"鋼筋混凝土學","鋼筋混凝土學"
"工程基本規劃設計","工程基本規劃設計"
"生態工程與環境營造","生態工程與環境營造"
"波浪力學","波浪力學"
"河工與防洪","河工與防洪"
"坡地穩定與崩坍治理工程","坡地穩定與崩坍治理工程"
"坡地保育規劃與設計","坡地保育規劃與設計"
"灌溉與排水工程","灌溉與排水工程"
"水文分析與模式應用","水文分析與模式應用"
"工程專業實習","工程專業實習"
"水處理工程與設計","水處理工程與設計"
"地下水與模式應用","地下水與模式應用"
"車輛碰撞學","車輛碰撞學"
"車輛碰撞學實習","車輛碰撞學實習"
"物流概論","物流概論"
"經濟學實習","經濟學實習"
"電腦圖學","電腦圖學"
"大眾運輸系統學","大眾運輸系統學"
"作業研究實習","作業研究實習"
"空運規劃與管理","空運規劃與管理"
"物流規劃與管理","物流規劃與管理"
"軌道工程","軌道工程"
"視窗程式","視窗程式"
"視窗程式實習","視窗程式實習"
"交通肇事分析與鑑定","交通肇事分析與鑑定"
"地理資訊系統","地理資訊系統"
"運輸保險","運輸保險"
"運輸資料分析","運輸資料分析"
"駕駛行為","駕駛行為"
"專題研究","專題研究"
"智慧物流","智慧物流"
"運輸安全","運輸安全"
"公路養護","公路養護"
"市區道路工程規劃設計","市區道路工程規劃設計"
"軌道交通客運與業務管理","軌道交通客運與業務管理"
"軌道交通營運管理","軌道交通營運管理"
"航空安全管理","航空安全管理"
"鐵路經營與管理實務","鐵路經營與管理實務"
"鐵路運轉調度理論與實務","鐵路運轉調度理論與實務"
"交通績效分析","交通績效分析"
"航空站規劃與設計","航空站規劃與設計"
"運輸企業深度實習","運輸企業深度實習"
"都市計畫與空間資訊實習(一)","都市計畫與空間資訊實習一"
"空間資訊建置方法","空間資訊建置方法"
"地圖學","地圖學"
"測量平差學","測量平差學"
"都市計畫與空間資訊實習(三)","都市計畫與空間資訊實習三"
"程式設計(一)","程式設計一"
"地景規劃與調查","地景規劃與調查"
"工程測量學","工程測量學"
"都市防災規劃","都市防災規劃"
"全球定位系統","全球定位系統"
"空間資訊分析方法","空間資訊分析方法"
"國土及區域計畫","國土及區域計畫"
"都市計畫與空間資訊實習(五)","都市計畫與空間資訊實習五"
"都市經營管理","都市經營管理"
"市政學","市政學"
"都市及區域計畫法規","都市及區域計畫法規"
"土地法","土地法"
"城鄉風貌設計與模擬","城鄉風貌設計與模擬"
"都市經濟學","都市經濟學"
"都市財政分析","都市財政分析"
"住宅問題與政策","住宅問題與政策"
"計畫理論導論","計畫理論導論"
"都市更新","都市更新"
"環境規劃與設計","環境規劃與設計"
"民法(二)","民法二"
"公營遊憩資源","公營遊憩資源"
"建築概論","建築概論"
"坐標幾何","坐標幾何"
"坐標幾何實習","坐標幾何實習"
"土地經濟學(二)","土地經濟學二"
"土地經濟學(二)實習","土地經濟學二實習"
"地理資訊系統實習","地理資訊系統實習"
"區域與都市計劃","區域與都市計劃"
"不動產投資","不動產投資"
"休閒遊憩行為","休閒遊憩行為"
"住宅計劃","住宅計劃"
"測量平差","測量平差"
"測量平差實習","測量平差實習"
"行政法","行政法"
"土地法(二)","土地法二"
"土地登記","土地登記"
"不動產估價實務","不動產估價實務"
"研究方法","研究方法"
"土地利用法規","土地利用法規"
"不動產企劃與行銷","不動產企劃與行銷"
"民營遊樂區經營管理","民營遊樂區經營管理"
"物業管理","物業管理"
"景觀設計","景觀設計"
"衛星定位測量","衛星定位測量"
"土地管理實習","土地管理實習"
"不動產經營管理","不動產經營管理"
"公產管理","公產管理"
"強制執行法","強制執行法"
"遊憩體驗行銷","遊憩體驗行銷"
"財金概論","財金概論"
"財務管理(二)實習","財務管理二實習"
"財務管理(二)","財務管理二"
"政治經濟學","政治經濟學"
"財務金融數量方法","財務金融數量方法"
"金融機構經營與管理","金融機構經營與管理"
"金融時事導讀","金融時事導讀"
"財富管理","財富管理"
"投資組合分析","投資組合分析"
"金融產業專業實習","金融產業專業實習"
"金融商品行銷策略","金融商品行銷策略"
"金融與人生","金融與人生"
"財務風險管理","財務風險管理"
"區塊鏈實務與應用","區塊鏈實務與應用"
"就業準備與職場倫理","就業準備與職場倫理"
"銀行外匯業務","銀行外匯業務"
"證券交易法","證券交易法"
"風險管理","風險管理"
"保險會計","保險會計"
"企業風險管理","企業風險管理"
"投資型保險","投資型保險"
"保險實務","保險實務"
"保險監理","保險監理"
"財產保險(三)","財產保險三"
"年金保險","年金保險"
"保險產業專業實習","保險產業專業實習"
"退休金規劃","退休金規劃"
"產險核保與理賠","產險核保與理賠"
"壽險醫學","壽險醫學"
"壽險保單設計","壽險保單設計"
"員工福利規劃","員工福利規劃"
"財務工程與精算導論","財務工程與精算導論"
"財務數量方法","財務數量方法"
"精算定價模型(二)","精算定價模型二"
"機率論(二)","機率論二"
"財務工程應用","財務工程應用"
"精算實務與軟體(二)","精算實務與軟體二"
"金融創新","金融創新"
"預測分析","預測分析"
"數理統計","數理統計"
"商業應用統計","商業應用統計"
"創新專題(2)","創新專題2"
"英文寫作","英文寫作"
"商業資訊管理","商業資訊管理"
"商事法概論","商事法概論"
"溝通技巧(4)","溝通技巧4"
"高等C程式語言","高等C程式語言"
"MATLAB程式設計","MATLAB程式設計"
"基礎電磁學","基礎電磁學"
"解析幾何與微積分II","解析幾何與微積分II"
"常微分方程","常微分方程"
"電子元件與設計實驗","電子元件與設計實驗"
"電子電路分析與設計","電子電路分析與設計"
"商業電腦套裝軟體","商業電腦套裝軟體"
"中階漢語","中階漢語"
"亞裔美國史(二)","亞裔美國史二"
"表現法","表現法"
"電腦輔助設計概論","電腦輔助設計概論"
"建築圖學(二)","建築圖學二"
"建築設計(二)","建築設計二"
"建築賞析","建築賞析"
"西洋建築史","西洋建築史"
"電腦輔助設計(二)","電腦輔助設計二"
"建築構造","建築構造"
"建築設計(四)","建築設計四"
"台灣建築史","台灣建築史"
"室內設計風格","室內設計風格"
"景觀概論","景觀概論"
"建築結構系統","建築結構系統"
"建築設備","建築設備"
"建築設計(六)","建築設計六"
"施工圖(一)","施工圖一"
"現代建築史","現代建築史"
"永續建築","永續建築"
"建築環境模擬評估","建築環境模擬評估"
"計劃書寫作","計劃書寫作"
"高效能建築","高效能建築"
"3D設計軟體之應用","3D設計軟體之應用"
"建築設計(八)","建築設計八"
"都市設計概論","都市設計概論"
"都市計劃學","都市計劃學"
"建築數位傳達","建築數位傳達"
"法規實務","法規實務"
"海外深度實習(二)","海外深度實習二"
"當代建築","當代建築"
"綠建築實務","綠建築實務"
"建築設計(十)","建築設計十"
"建築趨勢論","建築趨勢論"
"法律經濟學(二)","法律經濟學二"
"刑法概要","刑法概要"
"地政士實務","地政士實務"
"導遊與領隊實務","導遊與領隊實務"
"智慧製造","智慧製造"
"飛航實務概論","飛航實務概論"
"傳播與社會","傳播與社會"
"影像應用創作(二)","影像應用創作(二)"
"菁英英語演講及簡報","菁英英語演講及簡報"
"菁英學術英語","菁英學術英語"
"菁英英語專題討論","菁英英語專題討論"
"菁英中外文化議題討論","菁英中外文化議題討論"
"事業創新","事業創新"
"坡地環境保育","坡地環境保育"
"專業倫理與職場知能","專業倫理與職場知能"
"華語教學實習","華語教學實習"
"華語教材教法","華語教材教法"
"華語語音學","華語語音學"
"華語口語與表達","華語口語與表達"
"英語能力檢定考試策略與技巧(二)","英語能力檢定考試策略與技巧二"
"美語發音練習","美語發音練習"
"商用日語","商用日語"
"韓文(四)","韓文四"
"觀光日語","觀光日語"
"日語短劇","日語短劇"
"日語讀解","日語讀解"
"英文閱讀(二)","英文閱讀二"
"科技英文閱讀 (二)","科技英文閱讀 二"
"英文寫作(二)","英文寫作二"
"英語會話(二)","英語會話二"
"泰語(二)","泰語二"
"法文(四)","法文四"
"美國短篇小說導讀","美國短篇小說導讀"
"德文(二)","德文二"
"德文(四)","德文四"
"工業安全","工業安全"
"工程類專案管理理論與實務","工程類專案管理理論與實務"
"管理類專案管理理論與實務","管理類專案管理理論與實務"
"氣態生質能技術創意實作","氣態生質能技術創意實作"
"生質氫能與應用","生質氫能與應用"
"氣態生質能源生產與產業管理","氣態生質能源生產與產業管理"
"生質柴油與能源作物","生質柴油與能源作物"
"物聯網感測電路設計","物聯網感測電路設計"
"皮革污水處理","皮革污水處理"
"皮革生產管理","皮革生產管理"
"皮革製造","皮革製造"
"鼎新電腦專業實習","鼎新電腦專業實習"
"流體傳動產業與知識管理","流體傳動產業與知識管理"
"成衣材料及後處理加工","成衣材料及後處理加工"
"成衣品質管理與供應鏈管理","成衣品質管理與供應鏈管理"
"鞋類產業行銷通路","鞋類產業行銷通路"
"鞋類產業專題講座","鞋類產業專題講座"
"智慧城市與軌道發展實務","智慧城市與軌道發展實務"
"軌道機電系統導論","軌道機電系統導論"
"軌道營運與管理","軌道營運與管理"
"航空工業製造概論(一)","航空工業製造概論一"
"希臘羅馬神話故事與西洋藝術","希臘羅馬神話故事與西洋藝術"
"電影與性別","電影與性別"
"科學行銷概論","科學行銷概論"
"地方自治","地方自治"
"住宅問題研究","住宅問題研究"
"社會形象創造專題","社會形象創造專題"
"飲食文化概論","飲食文化概論"
"卓越領導力","卓越領導力"
"專利撰寫實務","專利撰寫實務"
"劇場實務(二)","劇場實務(二)"
"美好時光，社群聚場(二)","美好時光，社群聚場(二)"
"培育3D設計夢想號學生大使","培育3D設計夢想號學生大使"
"聲音表達與訓練","聲音表達與訓練"
"鑽石寶石及翡翠玉石之賞析鑑定","鑽石寶石及翡翠玉石之賞析鑑定"
"介紹台灣","介紹台灣"
"性別與新飲食文化探索","性別與新飲食文化探索"
"彩排與公演","彩排與公演"
"社會學習參與專題:新移民互動平台","社會學習參與專題:新移民互動平台"
"APPS基礎實作","APPS基礎實作"
"APPS中階實作","APPS中階實作"
"影像製作實務","影像製作實務"
"找錢大作戰-公益募資","找錢大作戰-公益募資"
"地方創生：新社實地踏查","地方創生：新社實地踏查"
"社會偵探學","社會偵探學"
"Swift語言與iOS App 設計初探","Swift語言與iOS App 設計初探"
"無人機的應用及想像","無人機的應用及想像"
"歌舞劇實作: 歌舞青春3 畢業季","歌舞劇實作: 歌舞青春3 畢業季"
"新美，從心開始","新美，從心開始"
"國小孩童課後學習研究調查","國小孩童課後學習研究調查"
"獨立研究-跨域微學分課程(一)","獨立研究-跨域微學分課程(一)"
"跨國界創新極限實戰","跨國界創新極限實戰"
"APPS應用專題製作","APPS應用專題製作"
"獨立研究-跨域微學分課程(二)","獨立研究-跨域微學分課程(二)"
"就業軟能力微學分","就業軟能力微學分"
"體育－墊上核心","體育－墊上核心"
"大一英文(二)初級","大一英文二初級"
"大一英文(二)中級","大一英文二中級"
"大一英文(二)中高級","大一英文二中高級"
"大一英文(二)高級","大一英文二高級"
"大一日文(二)","大一日文二"
"英文(二)初級","英文二初級"
"英文(二)中級","英文二中級"
"英文(二)中高級","英文二中高級"
"大二進階日文(二)","大二進階日文二"
